F1,Threshold,Image Size,Index
0.5206123702491062,77.0,4032063,1
0.006779015519375416,81.0,63756,10
0.8466599598290808,61.0,320920,100
0.1760483866956483,108.0,200568,1000
0.9807766763008383,74.0,65824,1002
0.5158982664982812,48.0,655155,1003
0.8898896644899797,101.0,163000,1004
0.9720435327911964,84.0,25652,1006
0.9162025900418492,109.0,33638,1008
0.26383881230116646,92.0,16128,101
0.8540494122288884,104.0,136360,1010
0.9564794963306497,85.0,118560,1011
0.8684741205467176,85.0,58275,1014
0.4252336448598131,100.0,46200,1015
0.9820603054693491,74.0,241800,1018
0.6764767534482036,58.0,34650,1019
0.6605858632875623,85.0,750820,102
1.0,36.0,19549,1020
0.9856974108482586,75.0,35264,1021
0.9671192128377342,65.0,458932,1022
0.0,0.0,306642,1023
0.9523398128149749,100.0,6188,1024
0.9953911886250613,72.0,156138,1026
0.9671820076523471,102.0,32856,1027
0.9930997612004133,75.0,156814,1028
0.9301941732266276,45.0,944928,1029
0.9817460787215152,78.0,115260,103
0.6911945710388876,68.0,20272,1030
0.7019394853835683,49.0,233144,1031
0.9928314471023817,53.0,20886,1033
0.17406424169034204,86.0,74259,1034
0.09080240635435667,75.0,259350,1036
0.6353825685797518,51.0,4530012,1037
0.4733187824704554,82.0,214830,1039
0.11674065495721546,94.0,104328,104
0.9866232442056886,92.0,50274,1041
0.975855305410425,116.0,61425,1043
0.9110952332346636,113.0,75684,1044
0.7197052274611737,40.0,274846,1045
0.9029646331925032,40.0,1340880,1046
0.2949693813311967,44.0,29792,1047
0.029188128525876867,86.0,9312,105
0.23290857836958268,94.0,175099,1052
0.7497237569060774,43.0,54312,1053
0.6069228420088247,40.0,66144,1054
0.7180748554620144,41.0,151662,1055
0.7073815512550689,90.0,54264,1056
0.8503720343038212,100.0,718884,1057
0.870569093765561,60.0,585246,1058
0.8988709959740941,93.0,36580,1059
0.567237265276481,81.0,114244,106
0.0,60.0,260620,1061
0.8297694310152472,100.0,20125,1062
0.931983434838875,94.0,1490832,1063
0.7244062022961649,55.0,129940,1064
0.3954955674466895,46.0,160720,1065
0.7284071625653624,64.0,147250,1068
0.8224981157214201,51.0,541020,1069
0.8495628417751899,87.0,146306,107
0.8496222167740209,42.0,25807,1070
0.7769160118379427,114.0,29240,1071
0.5953335241912396,55.0,42405,1072
0.6815308388860414,65.0,54020,1073
0.8448348814249159,112.0,67482,1074
0.8230647097548696,111.0,29318,1075
0.6628541433564019,48.0,193600,1076
0.7154001157153402,50.0,168732,1077
0.7130912479312407,63.0,925328,1078
0.948719882357377,95.0,73899,1079
0.7838002400737618,90.0,238125,1080
0.9456674790683575,104.0,214170,1081
0.9401032868381679,71.0,41600,1083
0.9676786477852956,71.0,35816,1084
0.9502971961334998,98.0,982520,1085
0.9985283051165851,76.0,984060,1086
0.7546747451834828,114.0,45210,1088
0.5078777751253283,115.0,33370,1089
0.18043755720860677,106.0,91512,1092
0.7883271123176111,113.0,17200,1093
0.8069536961819659,84.0,39109,1094
0.7253964986654373,64.0,393981,1095
0.9857215193942997,82.0,261936,1096
0.0388035618872614,99.0,744416,1097
0.9417725499163891,97.0,95448,1098
0.9517561085535846,100.0,138824,1099
0.6479159096025108,87.0,1692597,11
0.9963463422599608,56.0,307120,1100
0.9413659823217227,87.0,163200,1101
0.97665087516953,95.0,173580,1103
0.07043386088672832,82.0,58140,1104
0.071960218109443,89.0,645750,1106
0.3359563403023885,81.0,734916,1107
0.032385421755251415,88.0,126666,1108
0.919825285769287,87.0,97510,1109
0.11968934625970794,90.0,298850,1111
0.8913255053528543,89.0,191984,1112
0.773103003963791,83.0,188376,1113
0.9186849698347469,97.0,106172,1114
0.7655846281898044,43.0,156464,1115
0.8401284532643943,100.0,359788,1116
0.9520014293149387,64.0,206000,1118
0.7361387210065786,85.0,419102,1119
0.9311163895486936,105.0,21583,1120
0.9586576367128272,90.0,31647,1121
0.5967289063596799,52.0,59974,1122
0.9705101620932539,69.0,76024,1124
0.8907699730714812,54.0,358248,1125
1.0,49.0,106932,1126
0.906939761107486,46.0,151686,1128
0.4650765425594193,48.0,432815,1129
0.8070946623020909,86.0,111555,113
0.25033037586235996,91.0,2048662,1130
0.07085135194164155,99.0,271360,1131
0.12349825140464772,82.0,1383360,1132
0.2773304050756466,99.0,74360,1133
0.0035079975374321926,70.0,108135,1134
0.9432574430823117,33.0,9750,1139
0.9434627314597236,77.0,44520,114
0.391378492712295,83.0,301032,1143
0.890629555482128,105.0,56358,1145
0.9632407798672455,74.0,259752,1148
0.5376146113340944,85.0,20709,1149
0.7683871051978743,93.0,63252,115
0.867991520019304,100.0,55080,1151
0.4170120138976098,100.0,205140,1152
0.8997339613589777,110.0,185790,1153
0.9787773883501408,86.0,149022,1155
0.9315796217265747,86.0,374262,1156
0.9503650355169692,104.0,205178,1157
0.8700580483213053,96.0,36750,1158
0.9899172092855468,108.0,52510,1159
0.3683316951121437,29.0,28056,116
0.9335160837267544,108.0,53521,1160
0.7887195637745474,49.0,49192,1161
0.9404725300454203,83.0,1433128,1167
0.727851170730761,36.0,34749,1168
0.7997777283840852,64.0,76175,117
0.20794146662282145,118.0,113446,1170
0.9296603613306433,106.0,50112,1171
0.6275314666275734,53.0,33970,1174
0.7872571497526246,35.0,30150,1175
0.5253855954026727,54.0,108800,1176
0.7107863423262036,40.0,113708,1177
0.6991755702613776,41.0,35186,1178
0.7497330646241104,48.0,197790,1179
0.002624274539490285,90.0,47094,118
0.7178805964564351,57.0,34272,1180
0.2955831591800314,101.0,145530,1181
0.8461262396536522,54.0,355278,1183
0.732745487281289,47.0,82362,1184
0.8468293931113893,62.0,68761,1189
0.24912641315519013,95.0,13635,1190
0.7332828170269668,60.0,71048,1191
0.8567547356823321,103.0,160320,1192
0.04321969586410204,87.0,292560,1194
0.7200164733146264,57.0,190152,1195
0.5777403980936361,45.0,27674,1196
0.8204826621723383,54.0,82250,1197
0.5591353559983854,85.0,189224,12
0.3061783894639732,89.0,497021,120
0.8263899138513645,70.0,79560,1201
0.6896243291592129,94.0,17289,1203
0.1948183662179605,60.0,19690,1204
0.9255151003976213,50.0,165000,1206
0.9943549069970927,68.0,38868,1207
0.9472058135613503,85.0,118250,1208
0.9286046675597547,94.0,47748,1209
0.34495670489117713,105.0,23104,121
0.9482999901448704,88.0,32550,1210
0.26174904942965777,104.0,36160,1212
0.0019633507853403136,88.0,12635,1213
0.8381880175353142,105.0,16422,1215
0.9074677679875425,103.0,429213,1216
0.8506088012280424,85.0,360144,1218
0.5892557323246723,46.0,222663,1219
0.25806314356225,83.0,65024,122
0.775703671168698,42.0,35397,1220
1.0,39.0,14560,1221
0.8590030939354988,61.0,93840,1223
0.8414831981460024,99.0,9920,1224
0.0,60.0,704304,1225
0.0,71.0,1656144,1226
0.9565742899076233,104.0,32007,1227
0.37848306356467953,94.0,571020,1228
0.5977780983984995,73.0,52780,1230
0.9993894699635288,51.0,65508,1231
0.0,74.0,7600,1232
0.9439652710344435,35.0,29318,1233
0.8679365079365079,104.0,21228,1235
0.6140579564825027,112.0,31443,1236
0.803190437810794,98.0,97857,1237
0.9216176678778727,90.0,64320,1238
0.9335259017141119,100.0,18966,1239
0.921677614957049,92.0,7810,1241
0.3364835815362169,75.0,284192,1242
0.02412906320028446,98.0,134244,1243
0.0,0.0,373596,1244
0.9368393216753345,76.0,92484,1245
0.8665112212183037,91.0,8624,1246
0.9395220164450934,96.0,25344,1247
0.5826547043938348,44.0,30806,1248
0.3633341856302736,84.0,97643,1249
0.8416840640222687,65.0,50552,1250
0.9113854446604348,53.0,281232,1251
0.692227438706312,35.0,7521,1252
0.8688621264754393,56.0,122760,1253
0.14836602151092979,85.0,402073,1255
0.2149307855922452,78.0,30056,1256
0.9491845084117635,115.0,201600,1257
0.4623088532952697,48.0,65714,1258
0.9532727587470159,107.0,170796,1259
0.271224626849505,91.0,147288,1260
0.1724604450535452,92.0,241605,1261
0.20237754408754696,88.0,502180,1262
0.9174532532445181,41.0,114452,1263
0.9105441131263449,35.0,3723,1265
0.9829214522889337,96.0,89712,1266
0.7596855997803541,105.0,589968,1269
0.6795166775197164,108.0,153692,1270
0.9215648781980191,98.0,41310,1272
0.9383395874503186,102.0,157314,1273
0.9248695521603664,110.0,109975,1274
0.11037557547855585,91.0,117652,1275
0.2742795291570829,82.0,38250,1276
0.4795293781408531,87.0,51442,1277
0.9404080642225952,108.0,40663,1278
0.9703207552617144,71.0,38285,1279
0.8817851079311182,97.0,17172,1280
0.8977960418711155,68.0,53912,1281
0.19139408359956692,84.0,71810,1282
1.0,42.0,17115,1283
0.9986745029386019,40.0,21160,1284
0.6508585445625512,45.0,24750,1285
1.0,39.0,46096,1286
0.48202642900413784,49.0,73920,1287
0.6207576032565014,46.0,53196,1288
0.8557717250324255,104.0,25074,1289
0.9012570132739037,93.0,89060,1290
0.8871763829390947,94.0,34928,1291
0.9397009264889264,87.0,58394,1292
0.962666931061571,110.0,84043,1293
0.02667617511578057,101.0,543293,1295
0.342182089902382,88.0,801528,1298
0.5003137329972668,74.0,72630,13
0.9548212374691506,49.0,130988,1303
0.6349998459784986,38.0,22156,1304
0.4543950784413462,80.0,203550,1305
0.7577538410405933,44.0,91012,1307
0.5055368319691863,41.0,57424,1310
0.9838647439653572,85.0,43690,1311
0.9908950896901612,75.0,24704,1312
0.8815914114303757,91.0,16800,1313
0.8904202645825017,63.0,84072,1315
0.6254588918295911,42.0,32200,1317
0.7917207903192727,33.0,37848,1318
0.9643481419264035,81.0,103000,1319
0.8947437470577795,104.0,149568,1323
0.9769642786764154,83.0,450179,1324
0.7535596717928561,35.0,64923,1325
0.7978458614291534,87.0,18297,1326
0.7521334115041365,101.0,15386,1327
0.9220488532779706,100.0,79778,1329
0.3224443818642636,90.0,29885,1330
0.0,0.0,854664,1333
0.999706046899743,32.0,53912,1334
0.7869610111335501,41.0,891076,1336
0.9264681605310489,110.0,100914,1337
0.8314759571541184,102.0,69747,1338
0.9794512120093515,78.0,24278,1339
0.0,49.0,74980,1342
0.6973791602430399,86.0,9296,1343
0.6233804515307831,112.0,52910,1347
0.40975147430497055,83.0,67416,1349
0.4537609893768004,84.0,248940,1350
0.9245423144997029,47.0,13574691,1351
0.9092200670386629,41.0,792720,1354
0.9721681131393543,82.0,550375,1355
0.7344977041582629,42.0,30912,1359
0.9691126883883827,80.0,80585,1360
0.7546175525988071,37.0,47502,1361
0.9131054375633123,37.0,94956,1362
0.5446136057043747,51.0,86848,1363
0.0,50.0,434838,1364
0.7389295163428128,45.0,369633,1365
0.8882106489831025,92.0,49383,1366
0.7660210949789824,28.0,47850,1367
0.30739527264217176,67.0,29520,1368
0.27442808187459483,102.0,289508,1369
0.0,65.0,3616960,1370
0.0,64.0,40107,1371
1.0,39.0,25545,1373
0.2816264141892523,69.0,427455,1376
0.7671083414639264,47.0,65720,1378
0.9980727360245376,63.0,299224,1379
0.9197746939355709,84.0,56730,1382
0.9648103477890713,46.0,155979,1383
0.846272242120859,80.0,40922,1387
0.29170274650858147,74.0,40448,1388
0.9734530521333612,64.0,42504,1389
0.6309862719048522,71.0,32712,1390
0.3769968776610843,66.0,75542,1391
0.07801181186173675,91.0,172575,1392
0.8227744668091007,42.0,549626,1393
0.7449897750511247,96.0,18370,1394
0.9573274036425243,96.0,23086,1395
0.983989145183175,96.0,65272,1396
0.0,67.0,2130432,1397
0.22815373732610233,42.0,38376,1398
0.9476267497897005,112.0,376597,1399
0.5668592875155692,80.0,2062096,14
0.835611626281894,99.0,343128,1400
0.9872202447264263,78.0,59202,1401
0.8930504273936574,43.0,43771,1403
0.8722335463283176,44.0,147725,1404
0.2956732154174108,110.0,91580,1406
0.9290968443960828,80.0,51520,1408
0.8169625581636795,44.0,137100,1410
0.49746192893401014,79.0,7154,1411
0.23673274808891176,94.0,1207125,1415
0.019048688998321066,110.0,159636,1416
0.9044699447493394,64.0,160304,1417
0.9119025840384175,85.0,53781,1418
0.7443703472637906,90.0,80190,1419
0.7661577213412598,86.0,249524,1420
0.8780605400967153,49.0,235025,1421
0.9265799342562155,78.0,58212,1422
0.9969521744368149,69.0,85540,1423
0.9170919994228997,87.0,419474,1424
0.9513500931098696,78.0,350343,1425
0.999880892936493,41.0,223125,1426
0.7229395705747805,100.0,17914,1428
0.9264915840096183,88.0,58255,1429
0.3955362481414262,100.0,223652,1432
0.9117160890794331,68.0,134354,1433
0.13986814266494726,53.0,341504,1434
0.8810821244561908,73.0,47575,1435
0.847057352242315,71.0,234850,1436
0.3814329899304667,56.0,36089,1437
0.7443327708898834,67.0,60450,1438
0.4993171785181186,83.0,24108,1439
0.995474139691686,70.0,382200,1441
0.9247272985298957,77.0,112784,1442
0.823696641942586,82.0,123710,1443
0.6636297723061599,87.0,232704,1444
0.6152016274567706,68.0,344374,1445
1.0,39.0,111720,1447
0.9945939442387066,64.0,505344,1448
0.9952143761233142,71.0,363280,1449
0.10467536536782973,84.0,107730,1450
0.9233289535461077,70.0,187824,1451
0.888446348858284,66.0,50552,1452
0.4464752091150222,99.0,155688,1453
0.588851335269196,99.0,44688,1454
0.9766914071998425,94.0,54020,1455
0.9948686786847613,96.0,17010,1456
0.49571716637846347,93.0,137400,1459
0.40933619841009405,68.0,1291277,1460
0.6741444213020465,44.0,37599,1461
0.8520890729464615,43.0,34456,1462
0.9088159031979257,91.0,17596,1463
0.9306493676692222,94.0,223298,1464
0.2986982006543075,76.0,49959,1465
0.9544639873629212,85.0,36192,1466
0.8769675645646073,89.0,99974,1467
0.41394493796990417,77.0,72380,1468
0.6670335372085343,50.0,42390,1469
0.6040169596114418,95.0,600240,1470
0.9471085394324942,43.0,342984,1471
0.7432721505118278,93.0,67828,1475
0.6900138729015465,51.0,415954,1476
0.6079440400613613,40.0,291745,1477
0.735833195572423,48.0,179707,1478
0.806618807451735,63.0,1428460,1479
0.17061551165597408,35.0,14400,1480
0.9678481795496875,83.0,88307,1481
0.3591216520449127,105.0,200998,1482
0.5372041353042531,77.0,66787,1483
0.9767480128494058,106.0,223440,1484
0.5965655664585192,53.0,18879,1485
0.2586050086466406,74.0,138620,1488
0.946291483593531,107.0,273097,1489
0.8904947861823302,49.0,92196,1491
0.9745551789875027,101.0,52800,1492
0.7270959822715777,105.0,106344,1494
0.9400763321522347,90.0,131878,1496
0.889661713563073,103.0,12848,1497
0.9380642764257849,86.0,51976,1498
0.8328360529289717,47.0,97600,1499
0.0,63.0,5684988,15
0.48729845725553883,35.0,26082,1500
0.5390513948653485,37.0,75542,1501
0.7118629994810587,55.0,155142,1502
0.9085921559737021,88.0,66531,1503
0.9225960654532084,101.0,36309,1505
0.6198751575183894,35.0,47094,1506
0.7969767835169386,50.0,112406,1507
0.10700695024930877,49.0,485760,1508
0.4549812734082397,91.0,104489,1509
0.721950730781256,52.0,369936,1510
0.20184148196947596,116.0,172710,1511
0.6485600561929291,106.0,41912,1512
0.244508245977165,87.0,23875,1513
0.7085689729265149,52.0,75150,1514
0.9388584702173552,108.0,115600,1515
1.0,40.0,3618,1516
0.1401738757110658,41.0,207936,1518
0.642849570656207,44.0,19203,1519
0.9187023508393327,96.0,62646,1520
0.9965323565323566,96.0,22230,1522
0.8381188603505108,59.0,89006,1524
0.8416247684572637,61.0,96316,1525
0.21733086190917514,82.0,197790,1526
0.7907528156490812,38.0,30600,1527
0.29187124931805786,100.0,25048,1528
0.19910952804986642,104.0,15680,1529
0.05739289980662235,64.0,642096,1530
0.8797647227602038,100.0,53544,1531
0.9790783536168468,92.0,5890,1532
0.9902658031705669,108.0,49824,1533
0.9464865272850781,73.0,9409,154
0.0040932063766226075,100.0,6847022,1550
0.46819213023773637,94.0,8748084,1551
0.0,0.0,3932838,1552
0.0,75.0,9233088,1553
0.9114498488822578,89.0,6274816,1554
0.9177407658896702,73.0,4782851,1555
0.9859001288085966,74.0,7007473,1557
0.9338260149526454,61.0,5622576,1558
0.00045342723457623854,83.0,247312,1559
0.38681229545595375,99.0,3148300,1560
0.21526677829569626,100.0,680584,1561
0.0,62.0,2566703,1562
0.870902364158411,54.0,3788169,1565
0.6776803963932215,74.0,9336405,1567
0.9523443292429484,65.0,7036608,1569
0.9030624977717566,85.0,35156,157
0.9593269969262814,80.0,11872640,1571
0.970273898550312,75.0,4245228,1572
0.38995398773006135,85.0,10584,1575
0.6738722539285434,83.0,94752,1576
0.9178757267558627,82.0,339380,1577
0.9203892917801203,107.0,40095,1578
0.9247065746885931,103.0,27472,1579
0.08366986429031764,95.0,246012,158
0.5448796063490106,120.0,160535,1580
0.9279957929289562,81.0,939138,1581
0.7955300532292572,55.0,771840,1582
0.003913684300902938,68.0,455938,1583
0.9125185559939168,103.0,972036,1584
0.8642572626222602,80.0,223289,1585
0.8849089334166157,74.0,885105,1586
0.871154799868121,94.0,347004,1587
0.715259461736006,80.0,777576,1588
0.9269164688275834,71.0,1540203,1589
0.9942695356738392,80.0,66306,159
0.9094851932542564,91.0,94720,1590
0.9291477430003793,77.0,193085,1591
0.9306920826052367,88.0,452284,1592
0.8998367091686066,85.0,21054,1593
0.7315483178060295,81.0,359844,1594
0.844496255648332,63.0,472311,1595
0.9307005335189051,88.0,48146,1596
0.8844077461398896,78.0,109052,1597
0.8698787422710804,53.0,291732,1598
0.8551428133462776,94.0,16800,1599
0.15100703399443544,72.0,1273100,16
0.9857503950602832,69.0,751680,160
0.8326820796700314,94.0,58212,1600
0.8784609263463383,83.0,37683,1601
0.7470868209420647,86.0,21780,1602
0.7972901768912306,75.0,16748,1603
0.999975031834411,58.0,21600,1604
0.6345507506161774,95.0,12972,1605
0.0,65.0,84014,1606
0.0,76.0,66885,1607
0.09547335268325821,110.0,21901,1609
0.06602162777461582,71.0,242063,161
0.18594912460462423,113.0,63000,1610
0.21371807873144652,95.0,143350,1611
0.9936289844829915,76.0,146268,1612
0.9797195253505933,98.0,45828,1613
0.8406942660474921,99.0,26532,1614
0.8416439462789054,84.0,143700,1615
0.0,98.0,57491,1616
0.804823495088982,101.0,14006,1617
0.9607015170547879,109.0,163576,1618
0.0,0.0,788602,1619
0.17161292757013755,65.0,404495,162
0.9398566531629792,96.0,60760,1620
0.0,62.0,21228,1621
0.9961941444849485,77.0,55913,1622
0.9051873583144419,84.0,75570,1623
0.9162487210023986,100.0,62816,1624
0.0009008154750616348,84.0,177450,1625
0.9189974573192881,95.0,16430,1626
0.9217513903031254,75.0,76986,1627
0.594495037347795,44.0,27472,1628
0.9440924387422442,82.0,126576,1629
0.474945066723833,78.0,17030,163
0.001034208432776452,76.0,28078,1630
0.8582983594048074,107.0,18871,1631
0.7602922416792299,43.0,53480,1632
0.9302072841011505,92.0,83280,1633
0.7575780696495723,85.0,316825,1634
0.7263869083995382,43.0,37513,1635
0.9562065138260673,66.0,183923,1636
0.98488484087002,55.0,1136216,1637
0.2596188681979567,82.0,25807,1638
0.041348032711745836,84.0,46110,1639
0.5830497488251498,78.0,6400,164
0.44262589282509596,88.0,24830,1640
0.02721480006216579,100.0,193670,1641
0.9883170313680231,57.0,154394,1642
0.6576054583852278,84.0,12788,1643
0.00803088803088803,86.0,15453,1644
0.007331270262304746,93.0,225204,1645
0.7699381309019864,95.0,47965,1646
0.0483548327800785,66.0,472839,1647
0.999952590906936,56.0,11583,1649
0.2719659520742864,100.0,204754,165
0.07578829616164441,78.0,15912,1650
0.31758083950943333,102.0,52716,1651
0.8460298746390058,97.0,110148,1652
0.6229964099711787,96.0,42750,1653
0.7546779933417518,112.0,15450,1654
0.761586345752443,46.0,33522,1655
0.897505239672774,52.0,85680,1656
0.34740314667568944,94.0,21840,1657
0.6225232426065374,94.0,17280,1658
0.0,0.0,136640,1659
0.10539985503744866,68.0,79242,166
0.9498131470241343,75.0,361862,1660
0.0,67.0,1171672,1661
0.0,72.0,32928,1662
0.958638346976308,41.0,15100,1663
0.7229490669613577,82.0,421613,1664
0.032296366658750894,76.0,39284,1665
0.09073449703384405,73.0,23436,1666
0.6447283888928546,89.0,19780,1667
0.380264141539995,93.0,6900,1668
0.016385834304170337,102.0,114536,1669
0.30868459302325585,76.0,14280,167
0.9388577605787743,79.0,1274976,1670
0.8793978494623655,93.0,22140,1671
0.0,65.0,515900,1672
0.6127578287652122,96.0,136782,1674
0.9999974523915675,53.0,217881,1675
0.0,68.0,1703230,1676
0.9873370533894059,100.0,60479,1677
0.0,80.0,528612,1678
0.9535986680828494,75.0,453955,1679
0.6368967568729597,69.0,136578,1680
0.15301376364499286,94.0,243194,1681
0.2609718246050336,99.0,200192,1682
0.32702561635844485,84.0,100100,1683
0.987021946276894,99.0,23814,1684
0.8314434207417907,90.0,14850,1685
0.9943905466918019,103.0,38801,1686
0.9871616932685635,97.0,25676,1687
0.9529058703752072,82.0,127449,1688
0.0,49.0,27336,1689
0.9318878721298017,80.0,183563,1690
0.9593082821451707,83.0,143060,1691
0.5455686493271041,75.0,24768,1692
0.8092171105730428,88.0,83072,1693
0.9367171613236273,96.0,213741,1694
0.26859719271939686,77.0,207760,1695
0.9033783607242704,93.0,129195,1696
0.9184675013244848,91.0,187308,1697
0.0,60.0,431886,1698
0.48501362397820164,91.0,17574,1699
0.6205159106416539,80.0,1656353,17
0.6057450772680165,67.0,924470,170
0.46174651161491137,91.0,137676,1700
0.9993338539991731,47.0,630720,1701
0.24989376985491996,89.0,49580,1702
0.45041233107378786,93.0,19890,1703
0.5693567650571575,107.0,8700,1704
0.7783298509402461,57.0,61103,1705
0.6620419304852894,80.0,154198,1706
0.5541808006117253,81.0,181089,1707
0.6562779348167476,96.0,457650,1708
0.9998083786253492,60.0,11651202,1709
0.1787556107344093,110.0,83868,1710
0.8577444199594179,47.0,52353,1711
0.902117309926734,40.0,96266,1712
0.08766340766780183,91.0,28152,1713
0.0,49.0,574728,1714
0.20741645048069585,96.0,213750,1715
0.999872565856145,33.0,93121,1716
0.7662596367775651,61.0,143067,1717
0.906871609403255,89.0,4212,1718
0.9164064509018772,90.0,73125,1719
0.9822751246505462,94.0,25728,1720
0.8367956524785961,78.0,1471384,1721
0.9887291999351987,75.0,48960,1722
0.9927004303822143,85.0,111454,1723
1.0,36.0,8588,1724
0.36792263865396596,105.0,151984,1725
0.9455206190411545,46.0,53671,1726
0.6327145803585595,105.0,4428,1728
0.5471956393054459,93.0,235612,1730
0.028258864427271088,69.0,307089,1731
0.49399969618714873,34.0,5307,1732
0.9615233335647022,91.0,31524,1733
0.9241233373639661,89.0,12835,1734
0.7624636199166208,99.0,47241,1735
0.9905526585647896,76.0,39840,1736
0.9336426914153133,86.0,105840,1737
0.9224688818414711,74.0,78288,1738
0.9422867364352242,82.0,33930,1739
0.895233196159122,82.0,19044,174
0.9483909649239984,46.0,186558,1740
1.0,45.0,4428,1742
0.0007756447547023463,103.0,34272,1743
0.00047232193463064425,104.0,23495,1744
0.002834734952281962,95.0,23936,1745
0.7542158516020238,83.0,50592,1746
0.9206766027915779,72.0,63300,1747
0.8019892436047714,92.0,147840,1748
0.677947201279969,42.0,27268,1749
0.9438957764236184,22.0,2688,175
0.906832430588135,57.0,419397,1750
0.8781457808767512,72.0,115080,1751
0.7748626876601977,78.0,68572,1752
0.3445543712439052,70.0,240670,1753
0.9885905513496542,82.0,85779,1754
0.8973597587643579,78.0,73094,1755
0.7930684855747074,72.0,11008,1756
0.9386018237082067,100.0,24830,1757
0.9300588613543058,94.0,32929,1758
0.06337712750074649,86.0,33592,1759
0.33115942028985507,76.0,3143,176
0.9483893278923797,80.0,337440,1760
0.9410045557433884,106.0,54435,1761
0.8337218337218337,90.0,18315,1762
0.7533021116688634,104.0,112750,1763
0.9911878546465748,75.0,350523,1764
0.9947791894050121,75.0,206640,1765
0.09994368488564905,111.0,134848,1766
0.9604268563806135,93.0,6468,1767
0.5475026919572601,85.0,8778,1768
0.05048039791158207,92.0,35420,1769
0.9642183953221628,82.0,110888,177
0.12792914332639232,96.0,38400,1770
0.8129114461669145,90.0,13580,1771
0.8343265792610249,84.0,12462,1772
0.8851954447522314,91.0,6110,1773
0.6344586728754366,43.0,7738,1774
0.9524510560495792,67.0,98992,1775
0.6504602877296457,103.0,34944,1776
0.5604789910613814,113.0,34944,1777
0.7342682026762506,103.0,21350,1778
0.0003523359875977732,97.0,105536,1779
0.4641222449123301,104.0,45390,1780
0.0,98.0,11303,1781
0.5207216178948981,104.0,40080,1782
0.679614973262032,102.0,47946,1783
0.2919013846673421,71.0,64448,1784
0.0,43.0,135720,1785
0.23782121369062462,109.0,291797,1786
0.15578348735655528,79.0,18860,1787
0.8122201272684422,39.0,83520,1788
0.1117771349287677,105.0,119548,1789
0.5701686333755257,72.0,18876,1790
0.4428904428904429,95.0,8140,1792
0.40462760446644414,99.0,14504,1793
0.6612149532710281,103.0,15100,1794
1.0,35.0,16485,1795
0.917446978411111,41.0,118020,1796
0.3049608355091384,103.0,10209,1797
0.9463125887074791,61.0,469812,1798
1.0,41.0,347260,1799
0.3962982369621501,71.0,756891,18
0.6297180739209467,107.0,27000,1800
0.3188832219422887,107.0,240352,1801
0.32258552449139083,86.0,34048,1802
0.5928134538554912,77.0,132600,1803
0.3269357125566276,128.0,25283,1804
0.7612956467918299,30.0,9243,1805
0.6999480931879942,83.0,266676,1806
0.8331222010098668,33.0,32700,1807
0.5809414466130884,50.0,7416,1808
0.7768933056161166,36.0,38070,1809
0.8306169078446307,94.0,10750,1810
0.3011017444286787,108.0,42579,1811
0.9956353982441607,44.0,4295781,1812
0.7928126924792387,42.0,64163,1813
0.4844438846202292,76.0,43674,1814
0.9088828961346734,93.0,9922,1815
0.9700387765662792,79.0,294993,1816
0.9939041440635312,88.0,25935,1817
0.993255279931626,76.0,169660,1818
0.9432106949508342,91.0,13440,1819
0.9078233927188226,96.0,7920,182
0.8794321281208476,82.0,128954,1820
1.0,53.0,3230777,1822
0.9990496293260593,54.0,350396,1823
0.7457837030561323,78.0,98280,1824
0.9819865563285799,100.0,206176,1825
0.6152353226589035,27.0,4560,1826
0.7016294913127836,102.0,81158,1827
0.9368443138900545,92.0,20640,1828
0.9203239416129189,78.0,16744,1829
0.6496944344586425,50.0,20952,183
0.043898517043983426,75.0,991715,1830
0.8656995788488535,100.0,6664,1831
0.8715858855755768,45.0,193042,1832
0.8897150963470859,50.0,98512,1833
0.6761497225618357,72.0,28684,1834
0.752144046914362,90.0,49104,1835
0.995047935355149,42.0,587028,1836
0.9940333080207044,46.0,3091621,1837
0.14905524490416064,106.0,398003,1838
0.9999932332168512,53.0,6192051,1839
0.9376037705532645,39.0,19836,1840
0.9965140478668053,42.0,21838,1842
1.0,47.0,12878,1843
0.9881074554784183,41.0,9570,1844
0.1446939688218758,91.0,247660,1845
0.0,48.0,15466300,1846
0.9047106159083875,103.0,54205,1847
0.45326504481434055,77.0,5888,1848
0.9550075938591315,63.0,60384,1849
0.5105885409899961,14.0,5852,185
0.9172120074080491,77.0,494910,186
0.3559879524568823,64.0,1098162,187
0.29450349832976036,63.0,2368032,189
0.04087940384587479,89.0,3515589,19
0.08091864496123584,77.0,882654,190
0.43910818882689323,91.0,827188,2
0.01796361249738963,88.0,2353131,20
0.9086597926276253,73.0,3013400,21
0.0,76.0,1875076,2169
0.8761498357768904,87.0,1642209,2170
0.7821071857568328,93.0,164150,2171
0.5350556184442968,75.0,596505,2172
0.31711040326942724,108.0,74504,2173
0.9729256428075053,54.0,133480,2174
0.7117100769508974,97.0,915936,2175
0.0,72.0,292616,2176
0.4631511748918909,89.0,10251840,2177
0.41458924776895056,75.0,2438600,2178
0.8077115155161515,66.0,3532005,2179
0.4110706725441637,75.0,3878870,2180
0.0,57.0,8199681,2181
0.9210640540708129,88.0,38590,2182
0.9668338796483711,83.0,1490790,2183
0.30573619773378546,101.0,4012425,2184
0.33964374151290044,84.0,159120,2185
0.8981844901080439,73.0,3373854,2188
0.6759460618232342,88.0,8343216,2189
0.0,62.0,37692120,2190
0.671022290545734,87.0,2296,2193
0.7336898395721925,86.0,20449,2194
0.9723270853166137,81.0,23660,2195
0.7646072488069134,90.0,130968,2196
0.9607914987174789,96.0,23091,2197
0.6474349442379181,79.0,621501,2198
0.5772298620787141,98.0,82620,2199
0.04518240549914943,92.0,2411800,22
0.33244376667937475,85.0,183500,2200
0.8536162005785921,92.0,38180,2201
0.8273853993065533,79.0,45682,2202
0.2796224558814487,68.0,112896,2203
0.7976868736384549,89.0,498732,2204
0.9335416177559461,73.0,231472,2205
0.5700772606652486,89.0,438933,2206
0.4595248987425103,83.0,714460,2207
0.0,74.0,631274,2208
0.9203525245037476,75.0,8667,2209
0.6684048635430248,82.0,100870,2210
0.6541620196694717,70.0,90024,2211
0.7743884967047853,98.0,34272,2212
0.7211890084630654,79.0,63648,2213
0.6721967631533152,82.0,165648,2214
0.7163720912158442,101.0,129195,2215
0.6261484976409238,107.0,37440,2216
0.8299307651340316,99.0,19890,2217
0.7787425232228011,97.0,59994,2218
0.510604480206626,98.0,170045,2219
0.3559036560188135,102.0,8320752,2220
0.548695439049932,75.0,63036,2221
0.48723535606638346,79.0,58261,2223
0.9131202691337258,84.0,30720,2224
0.9325190427586906,76.0,365742,2225
0.2934533347405993,82.0,89344,2226
0.13367031732659365,94.0,33441,2227
0.9433467090124186,64.0,319641,2228
0.5494803125387149,78.0,216544,2229
0.8787961286294098,78.0,253752,2230
0.6750766243270465,81.0,114536,2231
0.9258359578557437,86.0,192911,2233
0.7234011307731846,96.0,13192,2234
0.6763447470935922,92.0,1067872,2235
0.9024022457631136,95.0,78166,2236
0.9588412008955054,89.0,221678,2237
0.9214489537095751,87.0,57132,2240
0.9231665193991486,81.0,35154,2241
0.959084957349707,90.0,195456,2242
0.7838878619839803,99.0,115735,2244
0.9445573294629898,116.0,30247,2246
0.8079926504363804,92.0,36423,2247
0.951247673771004,84.0,1359260,2248
0.5287431337357915,90.0,41707,2249
0.5269955196960506,95.0,1288287,2250
0.45218003938962104,100.0,61758,2251
0.4039387566579532,94.0,46550,2253
0.6695649235566296,90.0,618048,2254
0.0,52.0,785002,2255
0.8423630607490592,85.0,46350,2257
0.5561566392469333,87.0,821744,2258
0.9133154012442449,52.0,32926,2259
0.7564581193154769,86.0,161721,2261
0.6551185863855938,88.0,201894,2262
0.0,35.0,491385,2263
0.9681963247360481,89.0,397082,2264
0.8833998898375103,57.0,32436,2266
0.9231391585760518,90.0,28120,2267
0.34987470522269243,83.0,782895,2268
0.7808194096907614,84.0,274596,2270
0.9513233775426138,63.0,111900,2273
0.7876543209876543,101.0,4914,2274
0.6058929759528562,93.0,89979,2275
0.9190450693733122,51.0,100161,2276
0.9266960084990136,71.0,41707,2277
0.8487930832127069,71.0,53856,2278
0.775401115035962,69.0,96915,2281
0.8944546863393812,55.0,291175,2282
0.8085610770675851,76.0,36740,2283
0.7313883861407929,82.0,5160472,2285
0.9746595222147801,84.0,28032,2286
0.424996391975754,75.0,42090,2287
0.39447205566421906,82.0,157150,2288
0.38609100036992017,101.0,39725,2289
0.5413410581155124,79.0,90552,2290
0.6220553469614797,75.0,245904,2291
0.9943268512439726,39.0,530178,2292
0.4987875976657436,81.0,294690,2293
0.9422766051573865,61.0,312000,2294
0.5616618829869,86.0,15570006,2295
0.4324450027218962,70.0,1544790,2296
0.9988064791133845,60.0,26258,2297
0.428553698200722,72.0,456192,2298
0.0,51.0,629740,2299
0.1276061277728826,78.0,1769831,23
0.6286396373716332,84.0,2206801,2300
0.5102370311439736,90.0,75088,2301
0.7009654636169248,90.0,51740,2302
0.5215894190753092,99.0,336690,2304
0.8033680039623576,49.0,111136,2306
0.8046181009574425,85.0,1052772,2307
0.8771872374959067,92.0,110084,2309
0.7640221051980488,83.0,662915,2311
0.0,0.0,2732490,2312
0.7223373740291145,77.0,922500,2313
0.44347470560375013,78.0,408456,2314
0.6247518359710239,93.0,915607,2315
0.0,67.0,250852,2316
0.8894602750617351,53.0,2167451,2318
0.9114306899781455,91.0,82110,2319
0.8330657258769177,94.0,1839188,232
0.8610336096233088,78.0,1735972,2320
0.0,60.0,35810964,2325
0.7147316081733387,81.0,48314,233
0.6430406624907102,81.0,49664,2330
0.9502826531874801,87.0,456252,2332
0.0,47.0,685452,2333
0.6477180961765058,84.0,17249008,2334
0.0,57.0,7855322,2337
0.0,94.0,1534856,2340
0.42573040690713365,93.0,583128,2346
0.7459511972112693,94.0,2149970,2349
0.762447707622591,104.0,4889956,2350
0.7566054364167344,69.0,36594,2351
0.0,62.0,2248182,2352
0.660925412376986,89.0,7562500,2353
0.541967677093515,88.0,2350698,2355
0.0,60.0,11910312,2358
0.6487130815989877,86.0,156640,2359
0.0,79.0,3036858,2361
0.528301502602358,82.0,4668425,2363
0.0,69.0,12931334,2364
0.3079794197189071,104.0,1469598,2365
0.9496451021438879,95.0,3570986,2366
0.43707365252399694,89.0,5167376,2367
0.0,51.0,3027585,2370
0.4932461551722015,97.0,93800,2372
0.8023219828758452,73.0,74951,2373
0.4282682288165656,76.0,953810,2374
0.23968825821630765,89.0,87770,2375
0.8858755099689217,75.0,2182622,2383
0.6107435441599619,101.0,44460,2384
0.7937949550863469,79.0,26280,2385
0.6615737308218897,72.0,712701,2386
0.7976963969285293,61.0,154698,2387
0.939327904576213,91.0,24047,2388
0.4872839679640298,91.0,45012,2390
0.5813622426631625,115.0,18392,2391
0.3792544570502431,29.0,4500,2392
0.25565681961030795,83.0,11780,2393
0.7942579479126545,53.0,86688,2395
0.7518769721809146,49.0,18600,2396
0.5959777914867366,50.0,29952,2397
0.6256916799008682,92.0,762472,2398
0.3873283371107724,114.0,483968,2399
0.0,62.0,2708640,24
0.7634563827593318,110.0,7050,2400
0.7521162940043202,83.0,58088,2402
0.5665113726270584,97.0,533790,2403
0.996352792259338,40.0,48888,2404
0.8703243568488082,109.0,779720,2405
0.9483451389751875,80.0,48306,2406
0.9992591095844279,37.0,8100,2407
0.7235558340456398,82.0,441000,2412
0.6694191243329037,68.0,429177,2415
0.0,54.0,33825,2419
0.49328509836959217,64.0,15207,2421
0.2830877434925013,112.0,674202,2423
0.5337295036865852,108.0,70296,2425
0.5486163617117797,106.0,63936,2426
0.49376289626711684,90.0,221000,2427
0.8698788228505483,80.0,12750,2428
0.7363384789784283,98.0,70320,2429
0.4905026954440184,65.0,157791,2430
0.21454805041354863,103.0,1110140,2431
0.6413540830242547,98.0,57057,2432
0.8368100052209407,66.0,144288,2435
0.08688617121354657,91.0,60279,2437
0.10609425117197137,96.0,7050,2439
0.6334563529541738,75.0,2028190,2440
0.3318239562306619,112.0,186240,2442
0.7903137572622584,84.0,92610,2443
0.9248685973410286,28.0,5590,2444
0.8180828377969193,37.0,91728,2445
0.7525943201221071,91.0,2355264,2448
0.8690151050666073,78.0,280720,2449
0.5284554155521898,46.0,91327,2450
0.49214177858936636,91.0,3690960,2456
0.6440421722697435,92.0,24186,2460
0.0,59.0,197208,2461
0.9117151643460926,45.0,37400,2462
0.3370955920845985,96.0,52536,2464
0.5414338319222639,90.0,83130,2465
0.4238612335591154,105.0,111252,2466
0.0,60.0,221229,2468
0.9684508667488395,47.0,20828,2470
0.6916495447261526,86.0,2801940,2471
0.5650186100391393,78.0,106872,2472
0.7173171187894143,77.0,185440,2474
0.5732398404712874,82.0,199680,2475
0.0,41.0,3189226,2479
0.5078448315066624,75.0,69762,2482
0.4198664081500833,97.0,2238622,2488
0.15415166534816513,82.0,66752,2489
0.0,59.0,18020246,2490
0.5766982955934312,100.0,494910,2491
0.6055594102119664,94.0,306878,2492
0.5385727534677108,99.0,685926,2493
0.9403422982885087,55.0,38528,2495
0.9827752871419765,52.0,145290,2496
0.8281600862279137,94.0,100036,2498
0.45688409776373484,96.0,104904,2500
0.7297729649910785,91.0,24030,2501
0.491461275731561,94.0,317583,2502
0.5315419629338985,81.0,1969264,2503
0.5038741677123408,100.0,8347928,2504
0.5481995050881058,102.0,915444,2505
0.6364958525160733,94.0,79287,2506
0.6801162137511553,101.0,122276,2508
0.49281318587650674,96.0,5598350,2509
0.8202664868863359,92.0,130820,2512
0.5088112704752558,84.0,265324,2513
0.5777346928570454,91.0,656370,2514
0.577250845384218,88.0,273743,2515
0.9955285341875836,73.0,1100442,2516
0.6777945787836347,94.0,463590,2518
0.4848229801229245,84.0,819921,2519
0.5762239206775459,87.0,66010,2520
0.5154780859263625,106.0,487800,2521
0.8492138927405287,88.0,726363,2522
0.669246272699223,75.0,1287216,2524
0.6235801581595974,91.0,141470,2525
0.5772395012782395,99.0,4673970,2526
0.9683171966920666,78.0,181925,2527
0.6728762400139812,75.0,478632,2528
0.6721087245419803,73.0,309616,2529
0.5092124252785126,95.0,368900,2530
0.4448386884815034,90.0,592572,2531
0.38738304723750605,100.0,219184,2532
0.37147253145081005,86.0,190808,2533
0.6883473007611906,96.0,5055149,2534
0.5990445119889376,99.0,391859,2535
0.6259221191501542,70.0,220394,2536
0.4292761033340953,87.0,2393973,2537
0.6415508075810368,97.0,1260392,2538
0.44862184164327146,99.0,1332987,2539
0.3638443356834482,101.0,184842,2540
0.6863199670885464,86.0,625338,2541
0.42460300100616816,69.0,138776,2542
0.983420397130857,55.0,245637,2544
0.803492605599768,36.0,55704,2545
0.5172282608695652,60.0,28728,2546
0.9015633390562485,51.0,75884,2549
0.32415551754072414,80.0,575688,2550
0.6043136943937831,74.0,24112,2551
0.7589091560285501,89.0,58300,2552
0.2743654091413996,77.0,45549,2553
0.7483753574213673,56.0,10260,2554
0.4204817686227907,69.0,88578,2555
0.700970671119925,84.0,29376,2556
0.6406649616368286,72.0,15478,2557
0.9889109373176141,68.0,4977,2558
0.8516086186540731,99.0,17582,2559
0.7909125634356184,95.0,40860,2560
0.7010006901311249,88.0,52020,2561
0.5388864945343416,101.0,21450,2562
0.9685959466861421,94.0,9180,2564
0.8591794709329954,101.0,4758,2566
0.7541707954970029,107.0,75522,2567
0.9718418189322028,83.0,63616,2568
0.7348660733479513,64.0,125989,2636
0.18347513050711206,86.0,2617915,27
0.1372438005874425,72.0,7201116,29
0.36957680711817054,86.0,433622,3
0.7293018062890217,79.0,3515609,34
0.47985108745346483,91.0,211140,37
0.7722215017507457,75.0,285155,38
0.8008843223641308,71.0,219960,39
0.12970248340299975,92.0,16900,4
0.8948546755687042,74.0,116280,40
0.9578989207203352,100.0,27722,41
0.6893183266086218,33.0,3249,42
0.6380035732810788,23.0,12100,43
0.7897375405485108,71.0,281957,44
0.00782424980305092,95.0,158403,46
0.5424490271466852,85.0,1995156,5
0.8210921943703643,91.0,1077323,51
0.7552279971966632,78.0,726750,54
0.0,76.0,452928,55
0.16674137902409059,98.0,209304,57
0.0,43.0,50625,59
0.8719330202710606,82.0,1462308,590
0.8719540452865164,95.0,69312,595
0.0,59.0,16376484,596
0.0,62.0,22678488,598
0.0,61.0,3766383,599
0.42071737036212414,101.0,2363894,6
0.0,57.0,197072,601
0.0,58.0,5306148,605
0.03753885390930103,86.0,73872,606
0.04479153598692199,90.0,2006284,607
0.0,0.0,1161250,608
0.43436508670529256,84.0,2189465,610
0.0,63.0,1758016,611
0.8774286302017049,73.0,948024,613
0.7118797913117547,59.0,1451769,615
0.998951602073889,74.0,9153827,619
0.7702201861424368,59.0,2892610,620
0.0,85.0,996891,621
0.0,62.0,2436392,624
0.9782412032166714,103.0,447024,625
0.8401427977501451,89.0,2696400,626
0.2733275599020575,106.0,1160097,627
0.9461587723059803,57.0,2077942,628
0.9162281682676133,98.0,3341156,631
0.0,77.0,1194640,634
0.8473152721879311,59.0,3413664,635
0.0,0.0,12627936,636
0.9782935338126953,61.0,655027,6366
0.9191891421719384,84.0,1051884,6367
0.9705668775595712,55.0,11304768,6368
0.954503952422864,75.0,83072,6369
0.35005577215083405,99.0,4025882,637
0.8871169528271026,57.0,1580272,6370
0.8916219575637477,66.0,157920,6371
0.3960703556053828,102.0,501120,6372
0.7313365184368492,77.0,585528,6373
0.9239658568614576,90.0,19026,6374
0.6531371108054294,80.0,675387,6375
0.9986751841753624,63.0,3671883,6376
0.9728873366435432,66.0,1978526,6377
0.687222633359451,99.0,922684,6378
0.0,65.0,1868100,6379
0.47648176458197333,70.0,1461221,638
0.8263466324155094,93.0,269040,6381
0.9685195047860468,74.0,3934827,6382
0.9403973222111316,56.0,763828,6383
0.9519675275145492,78.0,3493721,6384
0.8813040599693279,78.0,1128296,6385
0.9126206201371316,65.0,4882360,6386
0.9604938060546837,82.0,8940696,6387
0.0,61.0,72864,6389
0.927544274151833,58.0,11238336,639
0.5510847347772324,75.0,1098405,6390
0.5648691938067272,71.0,14850,6396
0.6199751842494731,82.0,54288,6397
0.935547573509975,73.0,57405,6398
0.16225593028884946,117.0,173700,6399
0.8688537612201127,88.0,25600,64
0.9164220848488319,94.0,1808022,640
0.9604400253860799,82.0,14472,6400
0.5912043334049204,94.0,296334,6402
0.7451406293372154,75.0,2556876,6403
0.6284806578209681,68.0,39117,6404
0.6407174499978036,86.0,296293,6405
0.5932983960616166,43.0,8858,6406
0.9621863870993558,83.0,46530,6408
0.3562891291974957,49.0,7220,6409
0.924069214002936,99.0,21147,6412
0.9899047527157327,94.0,272072,6413
0.65253285530354,93.0,1210358,6414
0.580367146427648,51.0,16472,6418
0.9240987306071603,92.0,11680200,642
0.8803710257665515,50.0,1994340,6421
0.9863773357444243,67.0,53714,6424
0.7248916899180263,89.0,2897584,6425
0.7968071303661083,56.0,21330,6426
1.0,47.0,106145,6435
0.9057299959609716,69.0,10177929,644
0.9475922559042097,47.0,867289,645
0.9144026795682917,88.0,1751157,646
0.3682895254050894,95.0,3237104,647
0.0,54.0,90902,65
0.29765394027517117,105.0,1369078,650
0.12238196904552096,78.0,1690563,651
0.8764634463619808,89.0,57546,653
0.8357143522789753,49.0,312340,654
0.7281880398432736,76.0,291205,656
0.9337774136796444,72.0,60400,657
0.16589353197441276,78.0,145040,658
0.8851867219917012,63.0,49320,659
0.11034449802459315,119.0,861764,660
0.2857812316944585,46.0,21948,661
0.9104815203451091,95.0,55419,664
0.0,64.0,15225,665
0.8824014401919426,56.0,3232242,667
0.9997030096886085,49.0,205183,668
0.9072330158272862,55.0,6068964,669
0.8589549753863046,45.0,253580,670
0.979993549781964,86.0,931005,672
0.9833498130405629,90.0,178555,673
0.659658344283837,36.0,21420,675
0.9762891408405876,93.0,196552,676
0.8776047176307215,56.0,291885,677
0.0,70.0,2754560,678
0.996651127305954,75.0,139500,68
0.7653108057714926,92.0,282282,680
0.9013669280129467,75.0,501476,681
0.8457944327324356,75.0,109620,682
0.8374610778443115,79.0,25480,683
0.1036582476425153,81.0,83250,684
0.8426904787415992,89.0,1607520,685
0.6381503136869958,120.0,103000,686
0.750399040954735,113.0,348220,687
0.21870609981515712,94.0,49132,688
0.8274223312014964,90.0,43000,689
0.5030702380709521,82.0,125315,69
0.9730196588550811,83.0,708152,690
0.0,52.0,51324,691
0.9504845984070627,95.0,18204,692
0.93323865684338,86.0,173880,693
0.9149129852744311,88.0,196479,694
0.8619776569575232,94.0,135150,695
0.2217456409735793,47.0,280260,696
0.4220433814692961,98.0,232412,697
0.9790757524896497,105.0,18414,698
0.96219553300573,82.0,44200,699
0.7593183990302805,89.0,67860,7
0.6029051011217554,77.0,412160,70
0.9251613420451357,84.0,36190,700
0.6668110998432747,57.0,144612,701
0.772020322866332,102.0,70034,7028
0.4516418724241339,86.0,200525,7029
0.0,59.0,738954,703
0.8573132723438931,53.0,74942,7032
0.9997774802172106,48.0,142080,7034
0.9998512409635409,42.0,426612,7035
0.5782214432675455,111.0,23504,7036
1.0,42.0,124206,7037
0.9950784598885208,51.0,497354,7038
0.9805505336210417,93.0,47575,704
0.5254091300602929,92.0,95340,7040
0.7666738726274374,44.0,71314,7041
0.5540258229800942,103.0,2609855,7042
0.439847216676586,102.0,111020,7044
0.8308022562744068,38.0,435183,7045
0.9741433174902941,80.0,86215,7046
0.3984017777018076,83.0,88560,7047
0.11166641116050896,95.0,46786,7048
0.4041401094252355,86.0,813510,7049
0.7968043899289865,27.0,14910,705
0.9253724744683673,41.0,26760,7050
0.9261283213588232,40.0,33480,7051
0.0,0.0,6313,7052
0.9440955897047533,54.0,55360,7053
0.0,57.0,59400,7054
0.9844317496883951,47.0,805200,7055
0.0,62.0,416500,7056
0.8867517117936187,102.0,64860,7057
0.8685344827586207,102.0,8107,7058
0.8804879103767465,95.0,21492,7059
0.9174324749292428,90.0,43560,706
0.6720770029253563,100.0,10500,7060
0.8873579056148811,40.0,19380,7061
0.907197915271368,43.0,48276,7062
0.416220247023631,89.0,109680,7063
0.300551966195747,90.0,111320,7064
0.942384544131269,44.0,22018,7065
0.34219639132459856,102.0,92620,7066
0.9977764301596926,28.0,3135,7067
0.7626421914313052,38.0,36031,7068
0.9643998800624083,73.0,676258,707
0.6669049320943532,40.0,4800,7070
0.7449250717398235,94.0,15652,7071
0.7944815365629846,92.0,89320,7072
0.9132457429996229,39.0,285684,7075
0.9790016541792352,44.0,537810,7076
0.6033820078430149,86.0,192878,7077
0.9859654030866789,48.0,471552,7079
0.9772131666045387,110.0,514269,708
0.6461949064370692,42.0,94659,7082
0.920628817975992,84.0,32472,7084
0.986578600595422,92.0,52870,7086
0.5203557372949399,82.0,212090,7087
0.45475267836790517,89.0,16544,7088
0.9733868126507493,45.0,289016,7089
0.909318810581245,85.0,2625280,709
0.6016289724383681,86.0,25842,7090
0.43890511876032007,89.0,29397,7091
0.6527697595722571,109.0,159685,7092
0.40296621283292405,113.0,52728,7093
0.3571072319201995,90.0,583860,7094
0.7298077683727553,80.0,71736,7095
0.0,58.0,74169,7096
0.9768814559763896,88.0,34113,7097
0.4802412060301508,92.0,41160,7098
0.7590124253671131,41.0,19879,7099
0.8485929177239787,86.0,303048,71
0.03827171183652264,104.0,24012,710
0.510479586638527,83.0,150722,7100
0.5658403321244513,55.0,120218,711
0.9092000214327816,110.0,95616,712
0.7464915069029415,58.0,776457,713
0.4784190579153623,92.0,2037744,7131
0.5192041709310815,95.0,1898859,7132
0.5056637812895728,91.0,99000,7133
0.3359364909351521,90.0,736440,7135
0.925915551471051,40.0,353904,7136
0.9820200354629953,106.0,126615,7137
0.7481615567371874,41.0,92272,7138
0.6182859583233894,88.0,380250,7139
0.8926957064708357,87.0,64478,714
0.6785012925630471,76.0,113226,7140
0.0,68.0,95778,7142
0.7307437398031216,78.0,2015104,7143
0.7301099017034278,76.0,490394,7144
0.7960156489546545,78.0,652423,7145
0.52758444507522,85.0,582552,7146
0.7895360105532865,92.0,1452672,7147
0.5778301726076498,39.0,107388,7148
0.604842380385522,78.0,7779744,7149
0.6951923543394944,49.0,67240,715
0.667287353997412,86.0,1411308,7150
0.8963615088872792,84.0,78678,7151
0.9415303061564587,84.0,89996,7152
0.4829046576233424,85.0,6050980,7153
0.6716652926590666,74.0,1864350,7154
0.8989958359784797,74.0,1938195,7156
0.586647336408104,70.0,409404,7157
0.4277589320371964,88.0,269874,7158
0.6611846285102289,95.0,63000,7159
0.9157925704869238,92.0,1443429,716
0.6407611674262211,107.0,155232,7160
0.9033903031751722,106.0,22200,7161
0.6527945927398209,81.0,136528,7162
0.8351635445416642,27.0,10302,7163
0.5318637840893033,94.0,47088,7164
0.9475233631339872,39.0,148580,7165
0.5175388096031674,93.0,155976,7166
1.0,35.0,22309,7167
0.3821150798038999,95.0,137625,7168
0.6126852018617349,77.0,150519,7169
0.9010158258584243,100.0,331415,717
0.4830882141038819,80.0,178059,7170
0.9580559781589313,65.0,367720,7171
0.8289121292486963,82.0,660528,7172
0.4457525931361105,52.0,479346,7173
0.8210193799381634,46.0,465784,7174
0.629770560443602,44.0,193734,7175
0.9079491666636349,47.0,300160,7176
0.6339499302967958,85.0,24191118,7177
0.730125486901837,94.0,133318,7178
0.9949582043496425,82.0,862248,7179
0.5517566538347952,48.0,419287,718
0.952142496026725,36.0,972233,7180
0.9793966340648721,92.0,571893,7181
0.6752196542727541,87.0,1214673,7182
0.6656579186079278,76.0,825784,7183
0.9730687924550819,43.0,1953248,7184
0.42440806077285004,71.0,4716036,7185
0.911341108010326,44.0,572474,7186
0.9470444769832335,43.0,1940360,7187
0.964112896873533,41.0,3435800,7188
0.924225881611382,37.0,101232,7189
0.27369748157289175,70.0,692478,719
0.6421926891308697,84.0,735435,7190
0.585069235259505,58.0,617770,7191
0.979827479190871,68.0,386100,7192
0.7661465792662774,78.0,291344,7193
0.6262554472852414,75.0,148304,7194
0.4202692391921429,85.0,3579320,7195
0.8512765493067006,82.0,314621,7196
0.620609824882002,83.0,1326362,7197
0.8172767558105493,62.0,1572380,7198
0.6026381405900125,86.0,394128,7199
0.9462861329173482,79.0,283023,72
0.8094907654531867,109.0,54575,720
0.7414963469897345,44.0,140140,7200
0.0,0.0,379356,7202
1.0,36.0,18395,7203
0.3451220847476185,93.0,175890,7204
0.9279200119310979,42.0,1771900,7205
0.9786399688407337,107.0,429300,7206
0.8867123848694243,115.0,111132,7207
0.9998968434082938,40.0,32336,7208
0.8916731863461955,43.0,4192320,7209
0.8640409519807465,94.0,28542,721
0.9194546287809349,75.0,44075,7210
0.7499917374911972,90.0,278124,7211
0.5918497197394335,33.0,24016,7212
0.7368499839078682,39.0,259084,7213
0.7555873205365838,99.0,965334,7214
0.0,49.0,5226777,7215
0.8091009578007077,31.0,231500,7216
0.6672695278130805,88.0,118080,7217
0.6583981784678943,65.0,243036,7218
0.6023407259907956,71.0,151776,7219
0.8884578658391025,103.0,34632,722
0.4803597977142398,91.0,323036,7220
0.4066787839908763,79.0,49932,7221
0.3272519454720075,88.0,514566,7222
0.9352048752263659,75.0,387960,7223
0.6224200852169594,63.0,383017,7224
0.376628912236405,89.0,348984,7225
0.9567547303662057,90.0,1775989,7226
0.9622668912350402,108.0,685055,7227
0.9216437117854587,40.0,177120,7228
0.7076351739687873,46.0,87696,723
0.412550049455557,82.0,434238,7230
0.45860180113267107,99.0,240720,7231
0.9150377525109774,70.0,202566,7232
0.09014512199427986,90.0,61124,7234
0.8198422347946307,98.0,1027624,7235
0.0,54.0,16777955,7236
0.7816986199870335,38.0,13680,7237
0.830147499889858,38.0,2666430,7238
0.8587180587712563,81.0,118548,7239
0.9308396494677533,35.0,206829,7240
0.5320595491280307,80.0,1680609,7241
0.6416605021539533,24.0,32016,7242
0.01137835512569608,82.0,896826,7243
0.8091374703808308,100.0,3907584,7244
0.9136347676822845,123.0,363832,7245
0.773607168893376,58.0,244769,7246
0.7687481547091822,77.0,41370,7247
0.933883984128571,76.0,204920,7248
0.9353482687517177,46.0,4069372,7249
0.8028674700249213,41.0,99195,725
0.54791969938048,86.0,105144,7250
0.8089016897344605,44.0,717880,7251
0.9738096478433007,47.0,164547,7252
0.8761003861003861,35.0,60180,7253
0.5727589086011349,87.0,148947,7254
0.8839958088238339,96.0,505352,7255
0.6821666558840654,81.0,603504,7256
0.8987093163906772,47.0,3595656,7257
0.02727901060278525,93.0,190015,7258
0.906743672498726,89.0,32384,7259
0.5802596118483327,77.0,627008,7260
0.8116979036803453,99.0,178416,7261
0.9166334821036082,42.0,214718,7262
0.8209944281400194,104.0,84916,7263
0.8771745854604367,51.0,1024443,7265
0.49666218860556643,110.0,918657,7266
0.4243112393748719,83.0,166842,7267
0.436926199123644,88.0,1342881,7268
0.8278045621357127,82.0,161955,727
0.6091933613945667,83.0,589323,7270
0.004682759530404959,98.0,230391,7271
0.850258303344023,74.0,401316,7272
0.5758749124165653,38.0,19710,7273
0.6644651968807163,107.0,143472,7274
0.41542842350504783,82.0,430625,7275
0.772361445427293,96.0,115375,7276
0.5285004440006711,56.0,2935025,7277
0.9574821409270013,85.0,157700,7278
0.9315771089504657,93.0,150626,7279
0.8822600198376254,91.0,407267,728
0.9442700795212464,95.0,72217,7280
0.9224015524145087,86.0,657200,7281
0.9345860868170943,83.0,1120284,7282
0.9299705731310677,95.0,106392,7283
0.9091883261557598,53.0,810280,7284
0.9270417579313274,74.0,2332065,7285
0.9277146577874125,98.0,510201,7286
0.7595957994238808,46.0,2184888,7287
0.9332630430862204,92.0,1829595,7288
0.8034230583741311,47.0,514206,7289
0.9999375810070019,52.0,147763,7290
0.0,49.0,313854,7292
0.8405294556301268,49.0,62194,7294
0.6251481145884158,39.0,20424,7295
0.7387066676904249,100.0,485268,7296
0.6770718422504136,79.0,94990,7297
0.0,61.0,1697814,7298
0.7623104538391469,74.0,106848,7299
0.7200783360664441,84.0,382395,730
0.5975854791051076,29.0,42387,7300
0.16738638700390704,38.0,4752,7304
0.9831181035154887,95.0,333408,7305
0.8180958053059624,54.0,309140,7306
0.9446985404201244,45.0,106785,7307
0.9387388667242815,44.0,558792,7308
0.49252207490165756,100.0,567630,7309
0.8350897736143637,89.0,40922,731
0.6367575407553697,91.0,1762184,7310
0.8394079261499284,71.0,16875,7312
0.9348001279939321,61.0,204450,7313
0.8585873494664673,73.0,697508,7314
0.9994905894714137,41.0,1514242,7315
0.35844196264700867,79.0,16161120,7316
0.00399477727148841,68.0,1044593,7317
0.9397777915246898,42.0,1278200,7318
1.0,38.0,31062,7319
0.3900754998875842,91.0,116336,732
0.08432884590249641,92.0,2960928,7320
0.8052799495721283,94.0,2484208,7321
0.8103157894736841,97.0,8851,7323
0.8664212499828938,100.0,82584,7324
0.7883874183244768,74.0,4049850,7325
0.7746173983084977,104.0,39900,7326
0.20554357357855568,99.0,199784,7327
0.2927980520088659,86.0,335778,7328
0.8860604834024819,110.0,266640,733
0.7239519130629485,86.0,1960344,7330
0.2542439584633617,97.0,1034880,7331
0.7306310460679338,97.0,257972,7332
0.7237748759841227,75.0,1807290,7333
0.2757189293475054,96.0,430920,7334
0.6414519543553467,78.0,67482,7335
0.6735437759859924,88.0,2495104,7337
0.9175482088450693,40.0,915200,7338
0.9689584273607141,113.0,45152,734
0.8937546714371485,61.0,94932,7340
0.5498693474217511,74.0,3846816,7341
0.37979574937896765,64.0,37036,7342
0.892170707878142,39.0,258981,7344
0.45113570230392663,85.0,415270,7345
0.7126394953905871,86.0,196911,7346
0.7543486235355351,42.0,575580,7347
0.6123678554723709,83.0,8609678,7348
0.5995566272557561,85.0,390301,7349
0.5773888878457292,72.0,38940,735
0.7887146041701188,73.0,229680,7351
0.9973123753260364,79.0,647584,7352
0.8544720020689722,73.0,5392729,7353
0.9728609305583882,100.0,303846,7354
0.8724160871837924,41.0,145486,7355
0.9592989749626878,47.0,633840,7356
0.0,64.0,17196425,7357
0.7779333419122377,93.0,1994604,7358
0.2681988333903069,89.0,2941260,7360
0.938055999672037,45.0,174468,7361
0.8385266898141486,84.0,303592,7362
0.8901686625535529,82.0,444210,7363
0.9317359521524035,45.0,88723,7364
0.5137807904579715,84.0,3008308,7365
0.3995224895953427,92.0,158796,7366
0.6759858024991492,81.0,45580,7367
0.9146757152347271,72.0,1246789,7368
0.7889639551685086,91.0,98252,7369
0.9601700786082918,84.0,1653000,737
0.7976297130989798,81.0,863443,7370
0.3626689301072763,84.0,719004,7371
0.5922439561592112,81.0,1510810,7372
0.1975179290584768,92.0,1711360,7373
0.31356407917789375,92.0,3583008,7374
0.579813129804482,114.0,17839122,7375
0.25302449188536325,92.0,3596760,7376
0.13433702014656357,114.0,4071792,7377
0.5121695768395054,117.0,152737,7378
0.3874373692192509,91.0,303600,7379
0.6339988322861854,55.0,372000,738
0.7992508438297522,90.0,60000,7380
0.5179755544474028,83.0,6091251,7381
0.5220227355883874,85.0,306768,7383
0.9908258358827379,48.0,3105642,7384
0.7575474491948587,79.0,4767651,7385
0.09187807549860028,91.0,252685,7386
0.9806145227462502,47.0,3132736,7388
0.3974466517994149,88.0,55912,7389
0.27939051804120146,74.0,192510,739
0.630130789980307,87.0,277190,7390
0.3632297781331461,95.0,154836,7391
0.3935412828032839,92.0,265728,7392
0.40376244771429176,90.0,57838,7393
0.38555138431577946,92.0,1517788,7395
0.6633265404924622,85.0,86140,7396
0.8622011055781443,68.0,425095,7397
0.9999023892931901,46.0,49926,7398
0.887687558231703,78.0,197490,7399
0.644726673293038,82.0,6560595,7400
0.8750559066044334,81.0,140208,7401
0.9291400528218481,77.0,307288,7403
0.20871954308947935,85.0,2416008,7404
0.9415454804676362,97.0,12198,7406
0.7647384677365205,105.0,170024,7407
0.889324800561059,80.0,1126883,7408
0.7803720018637907,75.0,1025493,7409
0.8710889489763669,41.0,33040,741
0.860692586437076,12.0,21350,7410
0.05530440660779923,97.0,101332,7411
0.9468584852578595,48.0,3461642,7412
0.9215905498856883,74.0,10263824,7413
0.894577747233572,39.0,105569,7415
0.7886677159522266,36.0,68000,7416
0.8041576831962522,46.0,467015,7417
0.029681465355226547,99.0,437460,7418
0.1604367244152975,95.0,718758,7419
0.5064512442927479,89.0,163586,742
0.4485216489564397,85.0,273088,7420
0.6806400781671387,80.0,1115224,7421
0.9761173876015824,57.0,2431696,7422
0.6140776699029127,34.0,4824,7423
0.7236360434252073,40.0,636089,7424
0.9997861234882242,36.0,201960,7425
0.46953057030097467,46.0,60690,7426
0.5888083684011823,66.0,249228,7427
0.6041627039707653,89.0,341334,7428
0.7366166534090389,36.0,282252,7429
0.7589832745595025,81.0,1940832,743
0.8325396467396559,99.0,193431,7430
0.9747754900593328,106.0,68563,7431
0.6259425911262955,74.0,1642563,7432
0.12242002063983488,93.0,52377,7433
0.7936241795472311,85.0,660128,7434
0.7900688568019354,108.0,588983,7435
0.8863994557514598,70.0,135582,7436
0.6709439608481854,70.0,1738431,7437
0.0,97.0,17776759,7438
0.6596948008855338,83.0,1368510,7439
0.02246108011800099,100.0,949900,744
0.7742811326943402,82.0,1073253,7444
0.48316504063973104,98.0,958437,7446
0.9935315021129465,111.0,272734,7451
0.5838388641779398,92.0,1197280,7475
0.702021932830706,43.0,143925,748
0.39047393623800597,38.0,44200,7480
0.4855983254981439,77.0,8109660,7482
0.8489909533750869,90.0,72896,7485
0.6664941450475513,115.0,32760,7486
0.8417849471423156,99.0,109497,7488
0.6725413635214472,63.0,240368,7489
0.4876364941301116,105.0,56862,7499
1.0,24.0,11448,7502
0.23578108232408404,91.0,24490,7503
0.46971403334437445,37.0,72325,7505
0.8238861882888106,110.0,26243,7506
0.4527456647398844,90.0,128163,7508
0.8702467536780578,22.0,17423,7509
0.7769941392669115,44.0,67716,751
1.0,23.0,7140,7510
0.9780019271377903,87.0,31062,7511
0.9864564007421152,78.0,6460,7512
0.3978524483939647,99.0,77140,7513
0.7237112460618237,30.0,28557,7515
0.3455812343114342,82.0,82654,7516
0.7650997222923505,103.0,138000,7517
0.8062088183972707,35.0,47085,7518
0.45164523580153104,85.0,1398216,7519
0.6838981140581561,41.0,105096,752
0.8543248380637201,70.0,403596,7523
0.7591111111111111,90.0,24804,7524
0.6688200564730041,87.0,36860,7525
1.0,30.0,29190,7529
0.9430980510956276,100.0,62216,753
0.7922867195710782,40.0,41173,7531
0.5087223259535876,108.0,51246,7535
0.9251711093131573,96.0,73341,7536
0.855748963078806,98.0,46592,7537
0.5400048872712306,99.0,270000,7538
0.8881438568148721,51.0,394020,7539
0.0,64.0,136730,754
0.6199891673412812,42.0,123580,7540
0.9980453784929086,41.0,33968,7543
0.7894385349447225,106.0,167776,7544
0.7807962238370287,107.0,86240,7545
0.8206226466432025,95.0,76976,7547
0.8903223343956946,37.0,30438,7549
0.43339850983421807,93.0,218085,7550
0.3165388592107531,97.0,254012,7551
0.4236387796378618,92.0,756504,7552
0.6553114571746385,39.0,39975,7553
0.5355979276825295,36.0,14036,7555
0.919070119070119,96.0,48825,7557
0.7561728693800513,45.0,202016,7559
0.9059279910687634,84.0,1313000,756
0.42240435094610423,102.0,40180,7560
0.43051501002785214,90.0,474712,7561
0.19990711438970912,94.0,948667,7562
0.32706502348570404,106.0,61752,7563
0.572329503441215,76.0,221328,7564
0.9997959844948217,49.0,43044,7565
0.914043583535109,39.0,77816,7566
0.9309500805152979,38.0,51072,7568
0.8394946304485155,74.0,66024,7569
0.8594491927825261,84.0,19734,7570
0.7587543771885943,41.0,10200,7571
0.8703851318841516,47.0,78650,7572
0.7480396682357161,34.0,218514,7573
0.0,56.0,445263,7575
0.9997484698583047,41.0,7896,7576
0.8511248832668309,96.0,87730,7578
0.8421795830218457,98.0,136258,7579
0.9116386217948718,95.0,131860,7580
0.8388022163712815,43.0,31620,7581
0.9613739138969147,42.0,360417,7582
0.947195439407821,58.0,38728,7583
0.6666261572005575,98.0,217131,7584
0.44799324530883783,91.0,58056,7586
0.7735623211033047,86.0,102024,7587
0.989977372226868,44.0,84348,7588
0.8328898549638347,88.0,236980,759
0.0,67.0,36465,7590
0.0002867486289831177,86.0,122760,7591
0.6089082076195347,76.0,69085,7592
0.6893657712829537,75.0,417582,7593
0.7518311031126333,79.0,76380,7594
0.6374600922312877,38.0,26887,7595
0.3910719899402703,108.0,34408,7596
0.5246291228575544,85.0,25120,7597
0.9999384829905469,30.0,25277,7598
0.9942222546333435,48.0,252862,7599
0.008871798393188217,71.0,239608,76
0.8433093773123981,87.0,158790,760
0.9445108906221047,42.0,196607,7600
0.9924577340345542,46.0,249900,7601
0.20158175972843048,101.0,360525,7602
0.999989387555848,44.0,49184,7603
0.6289278114943975,43.0,339822,7604
0.6897974274650217,112.0,34408,7607
0.7373852340845284,33.0,24960,7608
0.6918823380886252,31.0,26560,7609
0.969649541940217,40.0,143190,7610
0.946201974545022,44.0,346021,7611
1.0,42.0,35066,7613
0.6049569101088256,98.0,45046,7614
0.652545380793023,74.0,125364,7615
0.6950583067510328,75.0,63600,7616
0.9296139462464167,63.0,122244,7617
0.5015268729641694,38.0,15470,7618
0.6716968616558187,31.0,17000,7619
0.8012209717673473,100.0,80190,7620
0.76592082616179,35.0,36445,7621
0.9669117163214651,41.0,400589,7622
0.7973184406101961,49.0,58928,7623
0.8015466112521079,51.0,37555,7624
0.7891647629687683,48.0,74907,7625
0.9920607160618505,95.0,1041482,7626
0.7181728709546692,101.0,31806,7627
0.8525277435265105,96.0,20700,7628
0.8465732309536722,86.0,55822,7629
0.9133929971719543,42.0,114075,7631
0.9434338078827263,43.0,76342,7632
0.46631305204550394,46.0,66937,7633
0.8382160930299347,43.0,227454,7634
0.8844071596820718,93.0,682408,7636
0.8054177582074578,95.0,78120,7637
0.15926892950391647,108.0,24335,7638
0.7294697696960659,49.0,140910,7639
0.974812356854748,73.0,985050,764
0.8666710421725846,48.0,162702,7641
0.26405675249605887,116.0,23254,7642
0.5822728287564188,72.0,6480,7646
0.7836319996271527,63.0,32391,7647
0.6871527970027499,80.0,92082,7648
0.9981027893613493,62.0,518322,765
0.3103334828772245,104.0,32399,7651
0.38989101193350345,80.0,106272,7652
0.6970782127451778,38.0,65520,7658
0.5931338953112535,81.0,368413,7659
0.47324303267532125,102.0,199356,7661
0.8826332705308655,42.0,36966,7664
0.9295779638196856,43.0,436320,7665
0.8325278810408921,38.0,12992,7666
0.8258900751046354,64.0,544500,767
0.604446123811323,81.0,18476,7673
0.498201742961206,84.0,428049,7674
0.6144808351162537,93.0,497728,7676
0.5492739013159688,78.0,29750,7677
0.6393728222996515,72.0,43600,7678
0.9929912830748814,49.0,399360,768
0.0,64.0,31416,7680
0.46495261178199593,91.0,811062,7681
0.922770297203624,54.0,159444,7682
0.8325089310250069,107.0,19040,7683
0.5990137206883827,71.0,21300,7684
1.0,32.0,32200,7685
0.43985519170643417,89.0,12236,7686
0.5684889434889434,65.0,14268,7687
0.348353476580724,76.0,123120,7688
0.5955621984763887,67.0,183084,7689
0.8124730199842565,91.0,31603,769
0.6772580456862669,77.0,87278,7690
0.0,67.0,150860,7691
0.7671926328827616,85.0,21307,7692
0.7047580356538309,81.0,108192,7693
0.5734550714719012,82.0,57096,7694
0.8190974700610676,34.0,22792,7695
1.0,50.0,70612,7696
1.0,42.0,79086,7697
1.0,47.0,95875,7698
0.9031565312244342,108.0,109872,7699
0.1385208787523059,30.0,5776,77
0.694159034337851,56.0,149778,770
0.6983953597605601,66.0,65415,7701
0.5312129455255632,69.0,365114,7702
0.4790223143652136,90.0,63984,7703
0.7090059750135794,70.0,83472,7704
0.9997484698583047,32.0,18487,7705
0.4222244712073677,88.0,32568,7706
0.7858750821460031,76.0,101075,7707
0.6492569361083403,73.0,241943,7708
0.7661471817520348,101.0,88464,7709
0.786680467831316,64.0,86156,771
0.9158922259416185,39.0,23700,7711
0.610414809376475,43.0,55200,7712
0.9483928094092489,40.0,64260,7713
0.03430304701502826,90.0,57085,7714
0.5907889079965606,84.0,181792,7715
0.20062380340305427,102.0,103206,7716
0.4930117501546073,32.0,18744,7717
0.9231846291470578,84.0,32712,7718
0.8781639963783805,71.0,46592,7719
0.7287158111117455,47.0,89056,772
0.999662595316823,30.0,7644,7720
0.021895664952241,83.0,23707,7721
0.7413608669364214,30.0,14842,7722
0.0379746835443038,109.0,15360,7723
0.28622042632935113,40.0,59944,7724
0.7000639128094726,88.0,101332,7725
0.005405020980015646,98.0,27520,7726
0.014684648705108905,104.0,45526,7727
0.6971803461753211,43.0,48564,7728
0.014290637098899314,120.0,113750,7729
0.39579709514698214,40.0,147561,773
0.041451080125113275,73.0,34547,7731
0.9486642767641409,75.0,617200,7732
0.6451981163487609,105.0,66712,7733
0.8413493290975211,79.0,96525,7734
0.4141035826429085,61.0,86574,7735
0.930923289534297,42.0,24955,7737
0.9170380992984768,40.0,57730,7738
0.8509284508505389,75.0,56048,7739
0.8947019731113831,100.0,875560,774
0.9081776416539051,48.0,28175,7740
0.768603595713171,76.0,236685,7741
0.9323563457367302,38.0,49862,7743
0.9527137034000024,95.0,70334,7744
0.7802362164113673,65.0,12519,7745
0.4757003587866488,40.0,22294,7746
0.05951593272396075,95.0,127500,7748
0.7448780305763226,70.0,256424,7749
0.4883155968450517,102.0,135720,775
0.7188892881444048,80.0,85346,7750
0.9993998581482897,35.0,37555,7753
1.0,44.0,43780,7754
1.0,36.0,128934,7755
0.19983039422470592,120.0,82894,7756
0.5365834989140245,90.0,230426,7757
0.5981662873915768,105.0,62832,7758
0.5933988072979196,97.0,126074,7759
0.5863294717231632,41.0,68475,7762
0.47238295633876903,31.0,19418,7763
0.0,67.0,23506,7764
0.9581652284561567,76.0,192100,7766
0.8666049709148599,70.0,23236,7767
0.40992927572330823,67.0,931260,7768
0.7909261511036185,45.0,218374,7769
0.9526517920027641,91.0,61200,777
0.5757675510786315,44.0,33276,7770
0.9047612485357954,78.0,97869,7771
0.890808594750906,75.0,55615,7773
0.42119631794476914,39.0,24138,7774
0.7492297079788457,32.0,14012,7775
0.938359193601887,39.0,60395,7776
0.5388466530687929,23.0,4278,7777
0.808653084731121,41.0,66196,7778
0.8785242637040142,52.0,5688,7779
0.0,0.0,66976,778
0.8787910451660093,37.0,44642,7780
1.0,39.0,12296,7781
0.9999466296632332,48.0,58077,7782
0.6350724430804368,35.0,10176,7783
0.0,54.0,77938,7785
0.5904472731519327,42.0,32148,7786
0.9999885642403796,51.0,45248,7789
0.8782833977988757,44.0,154230,779
1.0,37.0,93380,7791
0.9995087359562562,44.0,48720,7793
0.9999939172379394,62.0,83970,7795
0.8331057527028547,47.0,37720,7796
0.7086108729582976,39.0,30267,7797
0.944254976126992,107.0,23250,7799
0.5815753987830948,77.0,289440,78
1.0,40.0,12204,7801
0.8936874183717893,95.0,74782,7802
0.7077851229061036,42.0,21016,7803
1.0,37.0,4446,7805
0.7567242535673814,36.0,27710,7807
0.6798978557212062,35.0,35898,7808
0.6314882117230454,25.0,30090,7809
0.7586109824498809,50.0,379240,781
0.6840254476149572,58.0,25272,7810
0.5485492346355952,97.0,20440,7811
0.9104496760536276,40.0,17550,7813
0.9269736842105264,51.0,25591,7815
0.7600304287011361,41.0,26394,7816
0.7786014331603658,32.0,40376,7817
0.9415880742318223,104.0,16764,7818
0.6953888506538196,37.0,19872,7819
0.4032588176850472,93.0,157988,782
0.9147544236811642,50.0,673717,7820
0.49160110567722726,40.0,3720,7821
0.7010944541524878,42.0,15000,7822
0.6324379462767766,28.0,10500,7823
0.725560995897688,101.0,43656,7824
0.8382316126771141,39.0,48590,7825
0.8294206332112858,99.0,32025,7826
0.6958240393031594,46.0,23095,7827
0.5894736842105264,42.0,18760,7828
0.896199648960146,95.0,1070723,783
0.5668731690918696,38.0,15488,7830
0.8848119830945335,43.0,263000,7831
0.9032519853921512,80.0,31590,7832
0.5873035875265357,78.0,90228,7833
1.0,36.0,15621,7834
0.8868358088740436,31.0,24016,7835
0.20176893311221666,114.0,40795,7836
0.7643826155591732,34.0,63993,7837
0.8469818488813845,30.0,5698,7838
0.8464142118651022,44.0,58310,7839
0.9180703662508203,92.0,210824,784
0.204700061842919,89.0,10197,7841
0.9986290101453249,16.0,7480,7842
0.8024056770649075,40.0,29744,7843
1.0,41.0,17816,7844
0.8903286745280931,42.0,38994,7845
0.9519397043949231,36.0,16896,7846
0.9877748917748918,103.0,17415,7847
1.0,34.0,7565,7848
0.6592948717948718,31.0,29913,7849
0.9306907561716377,107.0,52800,785
0.6874724844690113,44.0,14036,7851
0.7834394904458598,104.0,11024,7852
0.6219332590969503,22.0,19596,7854
0.8546818828865781,70.0,38606,7855
0.8206638541749582,78.0,12880,7856
0.5130027152117211,92.0,364156,7858
0.08793751807925948,93.0,26565,7859
0.900583013043012,101.0,115902,786
0.6061258440160484,78.0,126000,7860
0.8082489688788902,31.0,8468,7861
0.7512164869764335,99.0,27058,7862
0.8178276377750783,95.0,149733,7864
0.7483488954680028,89.0,19738,7866
0.0,51.0,18765,7868
0.8824806162250197,70.0,355152,7869
0.5561613958560524,83.0,131744,7870
0.6889458966003373,30.0,29064,7871
0.7293059213569025,72.0,337497,7873
0.28629063542555666,38.0,11448,7874
0.9936202029854972,74.0,282252,7875
0.9155514536225198,113.0,9500,7876
0.6664604687926753,74.0,376530,788
0.786173196995747,37.0,7138,7881
0.153363740022805,41.0,6478,7882
0.6218556701030928,31.0,7138,7883
0.8324554803110108,82.0,9500,7884
0.5448275862068965,45.0,10656,7885
0.6891386732356316,74.0,549360,7886
0.2504409171075837,110.0,9024,7887
0.6517824489298341,95.0,103025,7888
0.9475599727038897,70.0,225762,789
0.9998173849525201,32.0,16899,7890
0.4607499675619567,69.0,12099,7891
0.0,75.0,15006,7892
1.0,20.0,14480,7895
1.0,37.0,29273,7899
0.07830653798237096,99.0,816240,790
0.9013306971877547,47.0,88160,7901
0.7980796530986242,42.0,24360,7903
0.9344290445234883,38.0,44720,7904
0.8605793401081179,50.0,422016,7906
0.5702835481711285,94.0,87210,7907
0.9894179894179894,110.0,345,7908
0.6301930205803401,32.0,21432,7909
0.9577427332925565,109.0,96432,791
0.6823770491803278,44.0,33831,7910
0.7611066715621694,71.0,41193,7912
0.7546237109008778,99.0,11865,7914
0.844580089491245,36.0,22922,7915
0.6508021390374332,93.0,50778,7916
0.17469730664689892,33.0,7387,7917
1.0,23.0,707,7918
0.4568883835512602,84.0,32164,7919
0.9594875540821488,106.0,16626,792
0.8218570809039657,28.0,25080,7920
0.7226017648733277,23.0,9486,7921
0.8442450200557482,41.0,17000,7922
0.3153259949195597,46.0,5325,7925
0.7060529986052998,35.0,12204,7926
0.9940439088579541,41.0,15367,7927
0.9943264710650025,30.0,9797,7928
0.7157619178837145,34.0,9894,7929
0.6192337317775939,70.0,24676,793
0.7067480258435032,46.0,11336,7930
0.31955770559778857,35.0,6396,7931
0.4712144253747556,84.0,11342,7932
1.0,32.0,12656,7934
0.7064552417055768,75.0,46216,7935
0.6447821287096565,107.0,24955,7936
0.9954872137723548,108.0,32190,7937
0.04212323893553437,124.0,7298,7938
1.0,33.0,6150,7939
0.4132598830791873,67.0,158256,794
0.3013452914798206,110.0,8084,7940
0.6390160976963641,34.0,40352,7941
0.8185242253038862,53.0,14260,7943
0.005353319057815846,101.0,120960,7944
0.957842927455596,101.0,12760,7946
0.8380426545415178,107.0,13908,7947
1.0,41.0,68544,7948
0.9984194326595126,36.0,12753,7949
0.9688915336044166,75.0,87142,795
0.5372005044136192,36.0,3720,7951
0.6471205947830471,41.0,16764,7952
0.7790315669190115,29.0,4615,7953
0.6657669815564552,45.0,3186,7954
0.8111533586818759,37.0,13310,7955
0.8194157080195316,103.0,34888,7956
1.0,31.0,9486,7957
0.6531607578315514,44.0,3776,7958
0.21559226901424922,100.0,68310,796
0.6826211996713228,38.0,6708,7960
1.0,23.0,4026,7961
0.6902927580893683,31.0,4087,7962
0.8727701892195178,38.0,30394,7963
0.42910101946246526,56.0,3654,7964
0.8846133516570643,37.0,22451,7965
0.6502683363148479,60.0,17388,7966
0.835531455355912,54.0,13664,7968
0.7726842066904744,106.0,12296,7969
0.9760836838266106,79.0,192376,797
1.0,36.0,4544,7970
0.7413263065436979,98.0,8281,7971
0.8846694796061885,100.0,14125,7975
0.9229597019979682,29.0,13200,7976
0.9233729295633261,26.0,6715,7977
0.9415176413726437,92.0,5616,7978
0.8972214037739715,39.0,44019,7979
0.9762239410185413,97.0,71868,798
0.8488565268106465,106.0,51624,7981
0.9089293647267881,36.0,35280,7987
0.9993638676844784,43.0,9870,7988
0.7171829494307651,38.0,25200,799
0.5554152354010912,41.0,29666,7990
0.8979559953131102,38.0,22137,7991
0.8679853732976305,38.0,20433,7992
0.7448135533241916,95.0,78384,7993
0.8636072962026858,48.0,58275,7994
0.7247884792955439,49.0,1009227,7995
0.23157313946317873,72.0,71500,7998
0.5257440693652881,104.0,86925,7999
0.5425243699528717,88.0,201392,8
0.46693843708975336,94.0,17292,80
0.9832427253813755,106.0,200930,800
0.9124340827088537,99.0,11865,8001
0.434983329058733,111.0,17030,8002
0.9986528357806816,21.0,7743,8003
0.8429714262181033,52.0,1610748,8004
0.929283240074607,42.0,20874,8005
0.19052236092594835,28.0,7656,8009
0.6483304381393553,30.0,14006,801
0.8510255127563782,74.0,76934,8011
0.9071019122215903,78.0,29736,8012
0.8100803506208912,28.0,3416,8013
0.9178545321637426,91.0,37054,8014
0.9569589461151702,101.0,75561,8016
0.9311813862035064,107.0,23691,8017
0.9703735881841877,96.0,43600,8018
0.8819630872483222,95.0,20264,8019
0.9535768022419102,50.0,351560,802
0.6399999999999999,30.0,4020,8020
0.5837296930014207,30.0,11872,8021
0.8993301558675769,46.0,17673,8022
0.838466636436569,33.0,17526,8023
0.5016912669126691,28.0,10185,8024
0.6386763185108584,91.0,249775,8025
0.03074229490409472,74.0,251292,8026
0.0,60.0,43026,8027
0.6664164722588498,63.0,67072,8028
0.9461437215452856,102.0,517398,803
0.888743669335076,92.0,43818,8030
0.8247556485577305,36.0,46556,8033
0.8383420563903428,76.0,65124,8034
0.5647264373766461,35.0,46258,8035
1.0,34.0,13221,8037
0.7848668009850011,45.0,8645,8038
0.7393413654618474,88.0,63600,8039
0.7684193739463253,94.0,141771,804
0.6759620404778723,87.0,36456,8040
0.4364312092771623,28.0,34176,8041
0.7370056420180436,80.0,28688,8042
0.7500523568331484,105.0,445968,8043
0.8083229813664596,102.0,30267,8044
0.7258770577717492,89.0,65780,8045
0.7396729524737319,68.0,243675,8046
0.44133979206049145,68.0,118335,8047
0.41215796019900497,90.0,47306,8048
0.00906801007556675,116.0,5250,8049
0.926639044601511,96.0,32412,805
0.6582338902147972,94.0,14136,8050
0.54683020614298,40.0,233932,8051
0.2875,117.0,113774,8052
0.35013328780974645,109.0,145755,8053
0.7878527636632553,101.0,26533,8054
0.42103692854333646,102.0,126224,8055
0.19979681679647815,107.0,4824,8056
0.12367110752254071,40.0,14500,8057
0.9320996922152991,112.0,56608,8058
0.928945039027923,97.0,9486,8059
0.4930834736703811,81.0,330876,806
0.5850605036175793,91.0,256793,8064
0.9304651840341847,43.0,33984,8065
0.3984071030202058,110.0,87447,8068
0.9338585369703027,88.0,158299,807
0.6243603774142978,78.0,83804,8071
0.845769041076587,100.0,11024,8073
0.7360231745178087,52.0,106848,8075
0.8185851287091889,44.0,46056,8076
0.0,75.0,62010,808
0.5545191679880609,79.0,59045,8085
0.9967448401653315,50.0,475383,8087
0.8184544926788364,82.0,94855,8088
0.9932165279233985,40.0,41004,8089
0.731400513995287,47.0,77252,809
0.8583999999999999,89.0,15351,8090
0.3411461720558778,39.0,33043,8094
0.5980942570177699,107.0,77406,8095
0.6109219321478118,102.0,19564,8098
0.5776766969909026,64.0,12626,8099
0.9169923190944618,91.0,83810,81
0.0,0.0,71687,810
1.0,30.0,5244,8102
0.3834967872844099,71.0,46535,8103
0.07084798865013447,104.0,68470,811
0.0,85.0,797790,8110
0.699744257865277,76.0,67860,8111
0.5129584722643226,101.0,30450,8114
0.868955411346033,27.0,11110,8117
0.7544012550113299,98.0,12519,8118
0.9391205887903379,22.0,14520,8120
0.7810230378758297,99.0,21560,8121
0.7166252789740043,118.0,35340,8125
0.7540414962636233,42.0,30212,8127
0.8035214461071758,76.0,443156,8131
0.8013098504292416,78.0,52896,8138
0.7845695248115027,47.0,18304,8139
0.7020556345974587,113.0,21726,8140
0.9749610582847047,112.0,33660,8141
0.9165215103275884,47.0,214767,8146
0.8552944237273437,48.0,34515,8147
0.3979185797367616,90.0,24124,8152
0.8334611564429134,40.0,95634,8156
0.7886064593301435,35.0,41664,8157
0.9576931543033238,77.0,24948,8159
0.9400644638231397,101.0,47770,816
0.9543013960147954,77.0,48384,8160
0.8108239291348137,100.0,8099,8161
0.845644474102972,100.0,14157,8162
0.7422657132103876,59.0,17388,8163
0.5402124430955995,33.0,3024,8164
0.9335097124556151,40.0,114885,8165
0.775191700496166,82.0,44505,8167
0.877773634159985,46.0,12852,8168
0.9837308748012102,64.0,1046902,8169
0.0,76.0,279258,817
0.7289531068495385,80.0,948147,8171
0.8964654516912359,34.0,23104,8172
0.3218577831063915,111.0,80064,8173
0.8633005251075283,80.0,105525,8177
0.8651391665385207,106.0,5475,8178
0.9986423237700526,37.0,31174,818
0.8888600218976749,100.0,40922,8182
0.5960669863108887,112.0,28050,8185
0.6534199381185404,62.0,63423,8186
0.34361194879920554,93.0,119715,8189
0.5524623341578593,32.0,16093,8192
0.395418380455787,77.0,93130,8193
0.8207412687099073,43.0,10403,8195
0.6281786341453949,82.0,200031,8196
0.9063677907868841,73.0,22330,8197
0.6190715862015563,25.0,18354,8198
0.8060665015917934,38.0,13920,8199
0.9993560360578725,74.0,534264,820
0.8603551139739963,31.0,24486,8201
0.8464175184641752,71.0,124852,8202
0.6151682884529509,71.0,340416,8203
0.1675893367725608,115.0,215040,8204
0.7177619117004226,116.0,11770,8206
0.992380906014946,47.0,21608,8207
0.999222621051422,35.0,76167,8208
0.5824203187250996,82.0,7140,8209
0.620296367928553,40.0,48509,821
0.9076376941002243,84.0,73706,8210
1.0,27.0,11663,8211
0.616790176714376,95.0,49946,8214
0.635635669744778,90.0,52206,8215
0.7425894091077627,108.0,95477,8217
0.9715797327545277,98.0,27058,8218
1.0,29.0,10005,8219
0.9198706272433581,80.0,342950,822
1.0,32.0,19035,8220
0.8942675159235668,30.0,7735,8224
1.0,47.0,17024,8229
0.9834864095986782,85.0,1158368,823
0.5948316696804887,96.0,419868,8230
0.7357587098904728,113.0,16125,8232
0.3600219860754856,116.0,9408,8235
0.7117735503693536,101.0,10506,8236
0.6907280985666494,103.0,26243,8237
0.6089264902663271,105.0,34408,8238
0.7445599786706043,69.0,39000,8239
0.9978363905156497,62.0,85904,824
0.504966172448539,84.0,5402,8240
1.0,32.0,11660,8242
0.7834422504860281,35.0,107100,8243
0.5949928660602818,75.0,90585,8244
0.9241492166429286,33.0,37149,8245
0.9233895234860539,38.0,93993,8246
0.8954900874673125,44.0,44823,8247
0.8895132401489078,39.0,33043,8248
0.9323708835951087,91.0,57900,825
0.8595351101375198,51.0,24915,8251
0.6524561892926884,76.0,74790,8253
0.7341486529175503,65.0,75888,8254
0.612742112315751,102.0,2057690,8258
0.8868638772587546,105.0,110880,826
0.7844238571636247,95.0,112887,8265
0.7616107142591116,71.0,267018,8266
0.5798354354168919,102.0,61992,8267
0.9520609804559084,101.0,142780,827
0.9088598227070162,55.0,35154,8271
0.9666715521031805,37.0,18224,8273
0.9335696613862118,32.0,15246,8276
0.7347773873593383,41.0,14605,8281
0.4507494054532382,104.0,15128,8285
0.9663003663003663,56.0,11663,8286
0.43521446706160083,108.0,71820,8288
0.9997347687027069,55.0,65532,8289
0.8448862150143865,98.0,6600,829
0.9273714468221016,28.0,8722,8294
1.0,35.0,134140,8296
1.0,48.0,34547,8297
0.0,76.0,130449,830
0.7922399688352162,78.0,54984,8300
1.0,43.0,9090,8303
0.8848908806850432,94.0,114235,8304
0.8492214204329662,88.0,9858,8305
0.9015565940900144,72.0,116948,8307
0.819215038540192,95.0,80280,831
0.6921448432760364,87.0,57360,8310
0.633177406967814,36.0,20294,8312
0.7488480839416058,34.0,112832,8314
0.7192373777425325,100.0,59045,8316
0.4324865280985373,103.0,50424,8319
0.8068797723878447,69.0,144417,832
0.9970063020972024,39.0,64480,8321
0.9599385639319084,35.0,16605,8325
0.44505594351133143,101.0,45540,8327
0.73789865630565,113.0,11330,8328
0.6630855047920802,41.0,120120,833
0.35839034732999625,96.0,38556,8330
0.7805608222732262,39.0,12540,8331
0.908201404594691,92.0,110544,8332
0.7301118512002011,90.0,21980,8333
0.7306999012688118,83.0,1590260,8334
0.6056825286557833,83.0,57960,8335
0.9270436806791729,88.0,50621,8336
0.9101066531234129,35.0,27555,8338
0.6780372605615324,100.0,12654,8339
0.6324310478979698,46.0,150552,834
0.6520402227208509,102.0,33670,8340
0.8961903722301059,94.0,32396,8341
0.595580782485303,108.0,6240,8343
0.998184176394293,39.0,2160,8344
0.8094353109363831,39.0,13080,8347
0.9332539962365058,93.0,4087580,8348
0.9735539008913179,80.0,40512,8349
0.43289413502179463,99.0,153648,8350
0.5640384362248256,101.0,51296,8351
0.9338736415546142,83.0,7332,8352
0.6512436480342337,79.0,8755,8353
0.8038551706173482,91.0,49500,8356
0.6794273000560471,95.0,79800,8357
0.9641809803100125,75.0,12342,8358
0.8908094043304525,25.0,12508,8367
0.8151308304891922,39.0,18205,8369
0.7933818663136994,37.0,41022,837
0.5897490339292539,38.0,16605,8370
0.6612492715264899,94.0,550563,8371
0.8247003780072085,49.0,62832,8372
0.9947660803053688,39.0,107535,8375
0.8350847812434582,111.0,14632,8376
0.5949876561681754,102.0,49704,8377
0.0,0.0,26880,8378
0.8544241323488767,46.0,15246,8379
0.9278592375366569,108.0,19888,838
0.5257591781235836,73.0,12426,8380
0.6740348419854679,109.0,41800,8381
0.7575666282910664,58.0,237056,8382
0.08380354579145939,92.0,31486,8383
0.0029403116730373417,79.0,21307,8384
0.688595659360013,30.0,24794,8386
0.9993141784579843,38.0,28975,8387
0.6245502645502645,94.0,65009,8388
0.10851619369131764,80.0,341638,8389
0.8719275549805952,91.0,8510,839
0.0599879481771618,93.0,74493,8390
0.9144776171888737,39.0,94514,8391
0.7488621017356075,74.0,12760,8392
0.6098890144214794,78.0,23393,8393
0.6875467184930483,75.0,8924,8394
0.49288236793242796,83.0,24009,8395
0.04748827375021265,86.0,59250,8396
0.014999364433710438,106.0,9016,8397
0.3561542691069044,78.0,127349,8398
0.8646696489214699,44.0,126982,8399
0.762874251497006,91.0,8510,840
0.6192812162961416,67.0,42600,8400
0.5995225645106286,31.0,18480,8401
0.9045214695131492,44.0,80300,8402
0.9301048427358961,24.0,13334,8404
0.7231316060237583,119.0,26544,8405
0.664252336448598,30.0,11872,8406
0.7184501668289723,65.0,180429,8407
0.952420016406891,105.0,18753,8408
0.7801268225904353,68.0,60706,8409
0.736227609467046,53.0,237375,841
0.6963851761846902,74.0,148971,8410
0.9944247339077548,35.0,9310,8411
0.316052467207995,42.0,9792,8412
0.7613337233109096,36.0,13209,8413
0.5917013653529583,40.0,30060,8414
0.8679534930541574,100.0,115150,8415
0.02106952944717568,118.0,76095,8416
0.8883008990554228,106.0,45954,8418
0.9378121322009099,104.0,43215,8419
0.9230283202236059,106.0,161084,842
0.9191338684859383,96.0,64698,8420
0.8373917306749469,110.0,15982,8421
0.9201329738848552,45.0,33998,8422
0.5389011860319137,51.0,23079,8423
0.4074993107251172,110.0,41567,8424
0.5856497371953155,41.0,141960,8425
0.835162385006087,43.0,133812,8426
0.7731892504275645,38.0,115456,8427
0.1704073440608747,35.0,26208,8428
0.764931719881421,87.0,65968,8429
0.31678883908717964,49.0,168428,843
0.6165527714502658,43.0,36182,8430
0.7150646000367419,45.0,2034959,8431
0.7080542986425339,75.0,20700,8432
0.6496524014696942,74.0,55144,8433
0.739517520850915,76.0,84560,8434
0.6883878122194645,34.0,12862,8435
0.6960215041251149,37.0,57500,8436
0.0938839111803662,94.0,5106,8437
0.8007245248549394,79.0,423946,8439
0.15204354005615836,82.0,81620,844
0.794807089486032,89.0,100674,8440
0.24302683677958647,100.0,26052,8441
0.0029928019835505117,111.0,110745,8442
0.10992189759907435,115.0,99430,8443
0.026750543829737197,111.0,48351,8444
0.9987966921836197,61.0,20424,8446
0.888112467260888,54.0,111758,8447
0.8862649255675386,100.0,163856,8448
0.8731827025547266,99.0,68834,8449
0.6665838010460191,84.0,132678,8450
0.7119984379576296,35.0,27189,8451
0.7765883220700517,30.0,31325,8453
0.7341798675718715,99.0,35854,8454
0.8097775522287067,37.0,7387,8455
0.7470391982407586,100.0,1083536,8456
0.9972396941038056,58.0,34726,8457
0.7624157269248678,103.0,48741,8458
0.9121201213554789,35.0,45066,8459
0.8398468820319168,95.0,62600,846
0.8044838465199076,36.0,36176,8460
0.9627453869102427,49.0,177723,8461
1.0,34.0,38148,8462
0.9141119221411192,48.0,28175,8463
0.7315723270440251,96.0,5994,8464
0.0,0.0,20700,8465
0.6293236617637181,40.0,21573,8466
0.7644076390062532,47.0,7644,8467
0.7923695821437841,42.0,4958,8468
1.0,38.0,11424,8469
0.790513087026363,36.0,25600,847
0.9016609202594297,40.0,130788,8470
0.7991563159128192,31.0,30744,8471
0.8852938785464597,36.0,14490,8472
0.8933302347199629,43.0,7553,8473
0.9997998289447346,38.0,28674,8474
0.7883285121368382,39.0,10080,8475
0.746832284359664,38.0,47008,8476
0.8906060520601259,38.0,20413,8477
0.7275591791720825,31.0,16740,8478
0.9541964570335626,29.0,59182,8479
0.9081229778075515,89.0,94380,848
0.8574010012809962,78.0,219477,8480
0.49740105683166186,108.0,39919,8481
0.9673012459679969,38.0,16864,8482
0.8077677023603147,78.0,219360,8483
0.9286063246847561,93.0,51863,8484
0.8670763008477872,46.0,23055,8485
0.7742278527834289,39.0,55575,8486
0.9112589522666957,57.0,15840,8487
0.8325786241548292,41.0,20276,8489
0.8697097634349787,77.0,152130,849
1.0,44.0,19992,8490
0.021048503072297033,105.0,15720,8491
0.9146243147371815,114.0,22010,8492
0.9019063032611965,88.0,66712,8493
0.7111811023622047,109.0,3960,8494
0.5786308973172988,40.0,6391,8495
0.7231126596980255,35.0,11424,8496
0.6600105097214924,27.0,5100,8497
0.7870557230703483,41.0,26364,8498
0.42720822118913626,30.0,6715,8499
0.4259275274582721,89.0,30450,85
0.8847275847275846,103.0,40587,850
0.7682534275738739,38.0,37961,8500
0.9733266788665225,111.0,41552,8501
0.766377209018891,83.0,44880,8502
0.9769328304831264,41.0,64881,8503
0.17975487970948706,105.0,20562,8504
0.7544516482513013,39.0,49880,8505
0.7564629847238543,109.0,17526,8506
0.21290185224611455,106.0,61662,8507
0.7093148308759756,43.0,18602,8508
0.8729242795214719,53.0,143445,8509
0.7416678742211275,105.0,139284,851
0.8311626303084962,47.0,46161,8510
0.5942191415089626,53.0,102256,8511
0.3266772319070259,103.0,9016,8512
0.17801278161716616,100.0,120240,8513
0.7022102560891617,31.0,21291,8515
0.6007246503649507,92.0,77472,8516
0.7608847155485458,117.0,76362,8517
0.27730569041481645,76.0,799752,852
0.5273319959879639,48.0,12198,8520
0.7810303857626777,90.0,22620,8522
0.866282410712731,30.0,33276,8523
0.5522655281641647,86.0,129150,8526
0.6226889749630636,112.0,49235,8528
0.8341009894234049,37.0,14030,8529
0.4808178721641141,83.0,195279,853
0.7531567934194386,27.0,8640,8531
0.5649087995115623,94.0,33820,8532
0.7163169519602429,30.0,9494,8533
0.9860681459061269,114.0,81950,8535
0.711775817010376,31.0,25428,8536
0.6837278532673933,42.0,14152,8537
0.7003761293574781,36.0,16758,8538
0.9956712803147363,41.0,47008,8539
0.9009341630096318,72.0,1144912,854
0.9191068660718026,33.0,39936,8540
0.9319700551078656,35.0,80240,8541
0.6758376882877344,111.0,21573,8542
0.8890339993905358,102.0,34354,8543
0.8126410835214446,105.0,5032,8544
0.9204585746365678,34.0,4752,8545
0.9999467121389748,35.0,19285,8546
0.7711633574654146,37.0,35084,8547
0.6009596964002263,36.0,115020,8549
0.9873953018446517,84.0,375875,855
0.8699200816187723,37.0,7040,8550
0.6675570819818102,44.0,11000,8551
0.8842488749865373,99.0,136611,8552
0.40964894365398147,98.0,46968,8553
0.7847217273569443,122.0,12852,8554
0.6971797971822645,42.0,27710,8555
0.9193954659949622,41.0,120120,8556
0.8621116092131704,35.0,15458,8558
0.7985541648683642,33.0,11628,8559
0.9684890116296502,48.0,483047,8560
0.41521814620193664,79.0,3847200,8561
0.7721706375966131,40.0,160816,8562
0.6715049255921189,108.0,136956,8563
0.6756681624320205,100.0,12682272,8564
0.7412639091235406,102.0,424394,8565
0.6688408845640286,101.0,399040,8566
0.7641641227298598,42.0,75867,8567
0.9897120214499049,74.0,743900,857
0.7821000220161988,75.0,2469168,8571
0.3222730535586102,102.0,163680,8572
0.9478302676569177,42.0,162360,8573
0.3499436679760056,113.0,164220,858
0.6625567373484181,99.0,28548,8581
0.9568605869090523,82.0,310632,8583
0.7090378622107286,100.0,69012,8584
0.8515449998465742,96.0,42120,8587
0.6432942057942058,60.0,43460,859
0.6565373144863854,116.0,247044,8592
0.8461449632395397,43.0,16146,8595
0.6192975132685312,41.0,46306,860
0.8065596344631176,75.0,158530,8606
0.0,43.0,3185988,8607
0.048811616742173235,88.0,241368,8608
0.440863628196682,77.0,550929,8609
0.3209391508805009,81.0,500703,8610
0.9499522259635281,60.0,111000,8611
0.9999649260283944,46.0,3568221,8612
0.8363473322373337,83.0,7954,8613
0.21641150702253534,104.0,50882,8614
0.24766271447505103,100.0,55728,8615
0.9052713479867729,90.0,15066,8616
0.8346699250937247,68.0,270504,8617
0.4876999345243663,78.0,121131,8618
0.9922723077557817,46.0,1011017,8619
0.9981212424849699,59.0,18630,8620
0.6857416425424324,81.0,154415,8621
0.6034584780716757,89.0,2028990,8622
0.2592727988526757,87.0,70863,8623
0.3786369882768098,78.0,124160,8624
0.4731956968867215,83.0,437833,8625
0.8830101746976387,79.0,24453,8627
0.8620620337207493,85.0,335360,8628
0.9801704644285963,76.0,261256,8629
0.5886200130804448,100.0,74664,8630
0.499064847599035,77.0,197693,8631
0.6337199360244636,90.0,221651,8632
0.6159457776920447,90.0,201388,8633
0.5208783464854839,79.0,125712,8634
0.8471494609371122,68.0,3890172,8635
0.9145850705144473,37.0,30968,8636
0.0,53.0,773959,8637
0.8759628972995195,91.0,182978,8638
0.9419545210680534,80.0,262548,8639
0.9461313710637376,88.0,73386,8640
0.6689878145599064,82.0,669460,8641
0.9382881856098177,60.0,169650,8642
0.16264330319694287,93.0,78616,8643
0.31908828113551896,70.0,129066,8644
0.873810819793739,82.0,893760,8645
0.7236734322380995,84.0,63109,8646
0.850726848948339,87.0,152680,8648
0.2533426432994212,86.0,193545,8649
0.8485239432344235,80.0,27489,8650
0.8878980394660764,83.0,235119,8651
0.8703879000967409,97.0,129280,8653
0.9611080379558316,83.0,38325,8654
0.37647255235451865,97.0,97371,8655
0.9530343661410813,44.0,866824,8656
0.24738449471088722,100.0,284273,8657
0.8612687112368459,84.0,63555,8658
0.8962271817261733,81.0,454208,8659
0.7367333124355463,93.0,290274,8660
0.7920078795553679,77.0,37230,8661
0.4466783681719058,84.0,479409,8662
0.4110642648123308,88.0,602040,8663
0.925860052705815,47.0,354957,8664
0.4532038710092274,77.0,234033,8665
0.0,85.0,51816,8666
0.9995497523638001,55.0,1664,8667
0.4999992547868765,81.0,528840,8668
0.12638378542841763,106.0,892012,8669
0.8635585622300106,107.0,53560,8670
0.5396742444037976,91.0,224814,8671
0.9553305539011316,40.0,105840,8672
0.9580544028739886,78.0,607767,8673
0.7407791474255305,106.0,319792,8674
0.5707489142476535,89.0,337608,8675
0.05289703530569566,78.0,118500,8676
0.7180375580347862,84.0,14410,8677
0.40178144182087017,81.0,534640,8678
0.0,0.0,5509878,8679
0.7970991386182559,68.0,612896,8680
0.9270335017500915,39.0,74480,8681
0.7102891460843971,102.0,93224,8682
0.2901087408321154,97.0,681720,8683
0.7486844387902619,106.0,79189,8684
0.8353805877381822,87.0,1699400,8685
0.7926084310932683,91.0,226206,8686
0.73413002400286,91.0,34307,8687
0.8507831185865288,79.0,42560,8689
0.698029904428061,86.0,203116,8690
0.9429093278253362,53.0,1112456,8691
0.6599916927180115,58.0,33233,8692
0.9839549394458256,61.0,462672,8693
0.0,50.0,61425,8694
0.4808330769106192,96.0,162138,8695
0.9374561460448755,54.0,362470,8696
0.9363508002492644,81.0,184122,8697
0.9456687646846971,79.0,159923,8698
0.8739498189527002,80.0,351080,8699
0.9371225034406838,57.0,592140,8700
0.6448193823380901,92.0,176180,8701
0.49938526880518613,82.0,413709,8702
0.6134623718041312,80.0,102843,8703
0.5477416598890318,90.0,1714926,8704
0.9992181391712275,47.0,271551,8706
0.7919858206191829,65.0,580752,8708
0.6848241474274207,87.0,76788,8709
0.8382800966569011,61.0,457203,8710
0.0,67.0,664346,8711
0.8862547556641239,66.0,185574,8712
0.6671153858520554,91.0,669060,8713
0.7619656480415973,75.0,298775,8714
0.15559945916963888,82.0,341885,8715
0.9405740815706912,85.0,222855,8716
0.8854717432313948,48.0,83895,8717
0.5385112904586485,46.0,25986,8718
0.1559904108825333,108.0,146292,8719
0.9802020035889558,38.0,178596,8720
0.23977630199231034,99.0,63072,8721
0.4168478838663535,102.0,100464,8722
0.45787375276097464,84.0,709956,8723
0.35672776039338405,105.0,76059,8724
0.42007895775946547,91.0,7417179,8725
0.9208018738129274,51.0,1265220,8727
0.8820699438722014,43.0,133488,8728
0.8993210977066444,84.0,295064,8729
0.9425911559348332,65.0,30328,873
0.5709129256226423,94.0,149281,8730
0.6946050096339115,90.0,309330,8731
0.6765433720955697,79.0,89040,8732
0.5433929289706922,88.0,119476,8734
0.798410631111896,94.0,185547,8735
0.6240006784459674,99.0,283745,8736
0.634891058945135,79.0,110772,8737
0.21373941151853615,81.0,251245,8738
0.0,0.0,252252,8739
0.27026653060518535,95.0,87318,874
0.02031557784862823,86.0,247694,8740
0.1495476926600252,74.0,21600,8741
0.09683424776464059,81.0,223944,8742
0.02583916190708897,85.0,41736,8743
0.9031208088150634,97.0,213108,8744
0.4459005651568515,80.0,11583,8745
0.9999591653395401,53.0,16724,8746
0.650670339366029,80.0,99050,8747
0.9264369958126152,49.0,201200,8748
0.43910907535820065,93.0,641520,8749
0.9185587488370924,92.0,46813,875
0.3800757985923119,85.0,200000,8750
0.8337343451169104,81.0,16445,8751
0.0,75.0,1178550,8752
0.9429602888086643,80.0,13356,8753
0.7217217993332086,89.0,5818370,8754
0.9259569079515063,66.0,607796,8755
0.8035429441053021,78.0,1567188,8756
0.9214318639462383,72.0,138088,8757
0.7555840443563445,79.0,470256,8758
0.11729671602283068,82.0,107531,8759
0.8130553151974337,62.0,61886,876
0.505200494215433,89.0,398025,8760
0.0,56.0,4925180,8761
0.9986889059419057,38.0,308616,8762
0.9836288287607149,59.0,459330,8763
0.9932262202257757,59.0,471766,8764
0.0,59.0,83011,8765
0.05799959435225888,86.0,559953,8766
0.4638760868532333,80.0,94600,8767
0.8755231056896091,89.0,233490,8768
0.8396908223344588,71.0,80600,8769
0.5952720570558538,40.0,745008,877
0.8671653776256288,73.0,21812,8770
0.8013555787278415,79.0,9396,8771
0.6206365159128977,92.0,39738,8772
0.6032886723507916,74.0,132468,8773
0.3173888289329447,75.0,107898,8774
0.7478657121559471,87.0,616179,8775
0.8554015044975204,84.0,2344405,8776
0.9268572615332483,44.0,104468,8777
0.6563036337337643,92.0,4272720,8779
0.948407233297172,105.0,297180,878
0.3135668635223687,107.0,15318,8780
0.6821767732804487,87.0,288217,8781
0.5577450175622782,94.0,3539580,8782
0.9138656294071599,87.0,450750,8783
0.9555839756662403,71.0,90750,8784
0.8176420959562154,81.0,472131,8785
0.6486722824411633,85.0,264516,8786
0.9527170561227987,50.0,274275,8787
0.5921658667931653,95.0,7985472,8788
0.0,0.0,35119,8789
0.023122691834222407,99.0,99144,879
0.691860465116279,80.0,306646,8790
0.0,83.0,950950,8791
0.9783424727135548,54.0,635100,8792
0.7821638639905861,89.0,721578,8793
0.9747928919932766,61.0,974327,8794
0.8712341641698305,53.0,1961076,8795
0.5487267036562812,87.0,14763,8796
0.7503049976035903,89.0,132136,8797
0.4713732186248112,104.0,200400,8798
0.9962251020863696,68.0,849810,8799
0.7313156269302038,82.0,15750,88
0.5145573188279132,48.0,641608,880
0.9063722624454738,75.0,5836320,8800
0.47001905330799054,101.0,7751835,8801
0.8836547997009159,78.0,1362015,8802
0.6726369986218206,73.0,803272,8804
0.2877629884070417,108.0,28200,8807
0.9046302825684511,91.0,1025200,8808
0.7170280293315245,100.0,2836757,8809
0.9992918229832302,75.0,592432,881
0.28472068667457334,80.0,45325,8810
0.693118922961855,92.0,73606,8811
0.9995617114930557,60.0,120280,8812
0.6282297860180901,98.0,65007,8813
0.7137430430813628,81.0,32724,8814
0.8952390084863596,67.0,44880,8815
0.5536276355123926,81.0,60225,8816
0.5506438215116212,49.0,67221,8817
0.9515567765567765,29.0,35280,8818
0.6365070654410756,91.0,76076,8819
0.9349858263563847,85.0,77958,882
0.057863817611785835,84.0,69387,8821
0.4556789069171648,97.0,18000,8823
0.9358089704013074,78.0,17052,8824
0.8757285455885309,89.0,18000,8825
0.5554869260860613,92.0,15568,8826
0.6327199395008823,97.0,20769,8827
0.6450622024266626,82.0,10608,8828
0.9106852349690208,110.0,136604,883
0.07882336141653577,80.0,10695,8831
0.7176652664160955,75.0,3990,8832
0.5550774526678142,71.0,3740,8833
0.709034686483565,73.0,588276,8834
0.8271465682253213,97.0,54080,8835
0.7236445783132531,79.0,6570,8836
0.0,53.0,221880,8837
0.9510214772132006,103.0,6912,884
0.8106205619018215,96.0,18788,8841
0.9152298850574713,89.0,8262,8842
0.5213512567174631,94.0,114681,8843
0.62137094483268,98.0,112942,8844
0.9246309713495475,41.0,18755,8845
0.9817781851512374,89.0,34650,8846
0.9439756685103691,51.0,83160,8847
0.6668947428441099,39.0,6160,8848
0.618959679901508,74.0,17731,8849
0.777024946104096,93.0,27216,885
0.8248683169127481,80.0,29682,8850
0.9804188196899647,88.0,64980,8851
0.4177697054140127,94.0,68269,8853
0.11449097145815806,88.0,32160,8854
0.030897498773908783,92.0,9095,8855
0.015330923594665338,89.0,19065,8856
0.9992700374714097,52.0,11305,8858
0.9492708975148902,86.0,9483,8859
0.4585170465130721,71.0,55620,886
0.8669656844861257,77.0,66528,8860
0.6798714465027104,90.0,52020,8861
0.7851460017490348,67.0,36608,8862
0.6824347826086956,87.0,10212,8863
0.5964798055428956,90.0,33900,8864
0.7664118780265115,78.0,160650,8866
0.6345020814911225,71.0,88128,8867
0.7803807771250619,111.0,20736,8868
0.9854469854469855,96.0,3604,8869
0.9261065943992773,84.0,14196,887
0.9702224757558472,86.0,13728,8871
0.8463884892086331,66.0,15504,8873
0.620817843866171,93.0,4047,8874
0.902065735552396,108.0,10170,8875
0.6982074640023509,78.0,6319,8876
0.8852940195457123,57.0,18100,8877
0.8556144800553378,97.0,34122,888
0.23562855337965888,105.0,42550,8882
0.49756361667569027,100.0,6808,8883
0.7494086545150966,38.0,9396,8884
0.9297208538587849,41.0,17082,8885
0.8580299041279619,87.0,49200,8887
0.35989543806391766,99.0,13230,8888
0.8693888032871084,37.0,23380,8889
0.9356974525866907,60.0,7705,889
0.762198926744041,86.0,22356,8890
0.8593903638151427,31.0,5547,8891
0.7293447293447293,69.0,6408,8892
0.8479167665531957,73.0,35490,8893
0.9011090573012939,83.0,5712,8895
0.9352781211372064,71.0,14364,8896
0.9023171285779191,75.0,5346,8897
0.8616007952884703,51.0,287432,8899
0.9739703459637562,104.0,2376,890
0.9979309930858028,59.0,577455,8901
0.22023655356988686,98.0,1008768,8903
1.0,31.0,11858,8907
0.9509251810136765,90.0,75438,891
0.7296013220409007,86.0,3328,8911
0.8702967551077009,89.0,31360,8912
1.0,40.0,41032,8917
0.9535483969209919,77.0,78030,8918
0.9567398119122257,84.0,7742,8921
0.868764621537997,82.0,10998,8922
0.9640842163203523,99.0,6643,8923
0.011428571428571429,120.0,82830,8925
0.17314774539654926,90.0,77760,8926
0.00230379746835443,120.0,79212,8927
0.01016211261957954,120.0,174835,8929
0.3875832883126238,40.0,35815,893
0.8325799430771806,40.0,13946,8930
0.45487240965918824,33.0,9831,8931
0.6025482942868886,68.0,22100,8932
0.8301271246343399,51.0,57540,8933
0.9995776813014173,57.0,63072,8934
0.9141397536734023,34.0,23142,8935
0.03185136031851361,115.0,7448,8936
0.3937320241991471,109.0,111633,8937
0.8819360877122608,53.0,16724,8938
0.4964187648007438,48.0,103493,894
0.865601317021941,73.0,38025,8940
0.8223894800588286,36.0,81672,8941
0.6539586254123809,94.0,695040,8942
0.5672812355361457,99.0,519375,8943
0.6757589172184495,94.0,145309,8944
0.7969124612595754,41.0,10920,8945
0.4952742059566986,105.0,29550,8946
0.9981833159265089,54.0,145415,8948
0.7617284738622581,32.0,29100,8949
0.8767193859152027,95.0,25480,8950
0.9725600182388341,82.0,447525,8951
0.3597978233269721,98.0,108375,8952
0.7575151302956035,95.0,44400,8953
0.9928351813464293,99.0,45441,8954
0.8165936893423013,57.0,39324,8955
0.9928223111062408,76.0,34808,896
0.8162408877544399,95.0,38233,8960
0.4314264329680395,78.0,84130,897
0.8704780331123525,64.0,388381,898
0.9352188302821302,71.0,46129,899
0.6476529370266142,84.0,1122613,9
0.7548571743078871,95.0,28561,90
0.602972565966084,35.0,53342,900
0.6070567217507816,40.0,31188,901
0.7662262412492756,44.0,64944,902
0.7563465555699802,37.0,52688,903
0.7134627418345557,47.0,99715,904
0.6690478557301076,43.0,194140,905
0.9464922711058265,101.0,36900,906
0.7156207684965259,50.0,86791,907
0.701566468205383,55.0,185590,908
0.518178840484769,44.0,72384,909
0.5793201405017371,46.0,111024,910
0.8007809780579342,96.0,242870,911
0.9568923762472149,95.0,61056,913
0.8835277138510746,98.0,109482,914
0.673302189373867,48.0,76110,915
0.6263284423443588,76.0,259496,916
0.2934441265104798,67.0,206836,917
0.26621251841788013,81.0,58710,918
0.43091272485009996,91.0,6968,919
0.9667691805241814,103.0,32256,920
0.7940960828856116,44.0,100330,921
0.9323551453476906,99.0,35250,922
0.8301634330497946,33.0,36720,923
0.9721609599976238,105.0,130752,924
0.5243300840601445,40.0,130872,925
0.9958412018078041,71.0,156648,931
0.9648600226425879,80.0,51704,932
0.7583719100319855,37.0,364506,934
0.0,79.0,437483,935
0.6877476705579951,40.0,49010,938
0.7795827785175321,25.0,7056,94
0.7564347798430664,46.0,821100,942
0.5933178880624315,40.0,115362,943
0.8859487627547039,90.0,21294,944
0.7641808234955371,114.0,92193,949
0.5835195946952764,92.0,30625,95
0.9726401382723808,88.0,1001112,953
0.9302002009739506,71.0,145314,955
0.9463685062912669,93.0,25048,956
0.22483173421165692,84.0,8640,957
0.8313491899572879,105.0,168728,958
0.35793385358602753,95.0,22113,959
0.3169191919191919,91.0,41006,96
0.11248056331289556,89.0,408254,960
0.7338976059661106,72.0,198800,961
0.8830437813169905,51.0,127395,964
0.5577507598784195,64.0,164084,966
0.7601521313882849,56.0,108093,967
0.0,74.0,260760,968
0.7210823574459938,98.0,34800,969
0.9003756237035375,83.0,15750,97
0.9638857042067202,114.0,36750,970
0.8215552512448125,85.0,165678,971
0.742812369224742,109.0,100845,972
0.932812047494932,113.0,8687,973
0.8662420382165607,92.0,116370,974
0.7357031034165209,109.0,24552,975
0.8071988595866001,109.0,18338,976
0.8231588770510927,86.0,23520,977
0.9262646344157279,81.0,32940,978
0.9558412341314478,83.0,80444,979
0.0,35.0,61256,98
0.0,50.0,49132,980
0.9530083948514647,101.0,106655,981
0.8013389109019753,59.0,1338392,982
0.7284331844845202,42.0,110770,984
0.9397674548605288,92.0,52052,985
0.8634581647064784,55.0,89726,986
0.8765272732730929,88.0,40572,987
0.9010059269760358,83.0,309400,988
0.9460211728321637,93.0,104856,989
0.2569220297965666,70.0,442221,99
0.8288943585222195,102.0,136620,990
0.9826039827263667,88.0,39878,992
1.0,37.0,160512,993
0.8065194055124659,91.0,44820,994
0.8397136173829302,60.0,952425,995
0.29355429713524317,93.0,31188,996
0.842399208233213,61.0,1196208,997
0.8379904611961614,105.0,166108,998
0.7865019484288202,86.0,21122,999
